Mc,eta,DL,M_tot,q,full_bias,full_faith,snr,Mc_stat_err,Mc_max_lam,Mc_min_faith
45.57333293488927,0.10618493014885108,6567.470796087037,175.01410837228696,7.280172834694215,0.6007988809953352,0.9943646004406325,126.59729078185158,0.021954825684896515,0.009545484566618337,0.999948891177501
55.77550361734881,0.16022463049306054,5121.360312294527,167.34237683362133,3.9906520582159946,1.579445042798301,0.9952205979641788,188.3843497607967,0.033548446244887974,0.057223676593502144,0.9969904572092213
173.94630783312246,0.2264670478825965,19283.766049648533,424.0452507848153,1.8852079964059687,-33.199144589668265,0.9938905801897382,93.93658042843674,1.2169538710653174,0.052749970637026196,0.9975531592130381
79.64763512513794,0.20899988990719848,6861.6107652307755,203.74419834770418,2.361173249802674,3.4735053650739243,0.997632595660769,285.57273071635694,0.06284378801755838,0.03808974636954072,0.9983186427016707
120.52414637567264,0.24074108415805076,15427.38320956027,283.23305518019913,1.4766161641453477,-1.952247886968479,0.9995603003557252,112.87963812990037,0.47429506231740864,0.044824468792893084,0.9975865330284049
107.56433020844997,0.2393197537276993,13190.699683505924,253.6770326223977,1.5210843132402632,2.191921050534006,0.9993686961542733,92.20207060002676,0.4444886988537645,0.052749970637026196,0.9965803295989989
179.45378674033222,0.2427255039882295,23343.453768751835,419.64628241186233,1.411327390186604,-33.41576970949737,0.9976408362297954,56.121882685457265,1.9572609206057332,0.07305271542664449,0.9948530492343386
0.0,0.0,0.0,0.0,0.0,0.0,0.0,0.0,0.0,0.0,0.0
154.3102189751131,0.24945797093215893,15900.50933652828,354.97376446776053,1.0976740722104494,-20.506466114329072,0.9997108097107309,164.69191755378847,0.49681484145516946,0.04862601580065353,0.9972941356720005
60.21702514942829,0.21091353479000302,4363.7216578696525,153.19924551431194,2.308004737001271,1.4192166104360928,0.9942952409974534,97.54007398963311,0.06271718899189352,0.07305271542664449,0.9941891776847932
0.0,0.0,0.0,0.0,0.0,0.0,0.0,0.0,0.0,0.0,0.0
0.0,0.0,0.0,0.0,0.0,0.0,0.0,0.0,0.0,0.0,0.0
133.22942015760265,0.174220136071614,17144.16031712134,380.1378627008258,3.450010453776287,-6.945146334424564,0.9962335042416367,68.9817435235963,1.2426232305718667,0.057223676593502144,0.9973028871176274
0.0,0.0,0.0,0.0,0.0,0.0,0.0,0.0,0.0,0.0,0.0
131.88730169606322,0.197386622513605,16489.719972089122,349.1502469229394,2.695164606332515,-7.235025258281546,0.9976710830134222,83.82852258929171,0.855504244411093,0.062076795936247604,0.9963454733150144
227.5380895217452,0.24981167327642934,19821.06579884975,522.9816733114216,1.0564420055866366,-83.30698476063992,0.9967429234452753,108.77059403447646,3.177757368547487,0.07305271542664449,0.9955188843377777
158.76440160108712,0.24008664706562857,12182.189019851441,373.70794148104414,1.497289330529927,-28.008357457346335,0.9983552326039605,276.0873130872655,0.3482703681561433,0.03808974636954072,0.9985005180875425
137.99708026562465,0.24520504763130957,6092.6212991722705,320.73935690834475,1.3215084684373075,-6.341795556446542,0.9996565787476009,170.10789015485955,0.3975850688748352,0.03511191734215131,0.998557757072098
70.84925447322384,0.16357762635488668,17715.632202778725,209.94277989657215,3.8538228772870506,3.4552309262770153,0.9971426140802876,63.36672761073615,0.2200588473947581,0.0792482898353917,0.9937978152743788
39.01848741619325,0.13213687883148653,4373.427530767049,131.41834784375598,5.382109185193356,0.3812095699304058,0.9967898715239982,194.22195397263235,0.008794765886784224,0.07305271542664449,0.9965788150148218
101.22864311513203,0.19502206630038108,18282.880356553662,269.93124848283804,2.766105814045387,4.7541686591024614,0.999053909770014,80.97804469704917,0.4457352575296068,0.07305271542664449,0.9942586885218071
153.88732157027073,0.24626703974535347,14205.401071393944,356.74596260018035,1.278412721423641,-21.399988254657586,0.9990932657638685,82.3676828903111,1.0598373996965877,0.057223676593502144,0.996430647173463
89.57100367368672,0.1385434239396889,11533.246969708138,293.23505744708416,5.018698721869593,9.985058370943136,0.9966659146268809,107.18728718100603,0.3859098423609916,0.07305271542664449,0.9957425010889505
0.0,0.0,0.0,0.0,0.0,0.0,0.0,0.0,0.0,0.0,0.0
0.0,0.0,0.0,0.0,0.0,0.0,0.0,0.0,0.0,0.0,0.0
170.9685224860878,0.24992276767730595,24921.319065521664,392.85534428563346,1.0357816815161929,-39.30422410139269,0.9994594848279038,80.01476203114102,1.5041783605985382,0.06734150657750822,0.9951705893943558
130.59738189623076,0.24193081407136122,9554.364357616032,305.9988248194064,1.4380054680443488,-10.762275614135305,0.9994264992003806,169.46015855207378,0.4285890888846139,0.04132012400115335,0.9980241222208682
0.0,0.0,0.0,0.0,0.0,0.0,0.0,0.0,0.0,0.0,0.0
157.4195210467384,0.22345674496176943,13025.214914364167,386.84991500867636,1.9666636766683394,-21.90482450989449,0.9957730743202966,232.15001606476898,0.4116914146855708,0.03236689285040602,0.999014512662792
193.8449700836944,0.20824975352800426,25767.064299399535,496.939866192131,2.382134953879886,-51.412209383912966,0.9899600184635915,103.72524119710683,1.65761303393253,0.19403442495579137,0.9730877135970007
0.0,0.0,0.0,0.0,0.0,0.0,0.0,0.0,0.0,0.0,0.0
63.150738721918,0.1545871111887823,8873.069697850124,193.58623181640613,4.232582211014052,2.4621152446833294,0.9969043261438448,133.0013936005541,0.0714869357619162,0.057223676593502144,0.9969576721776582
0.0,0.0,0.0,0.0,0.0,0.0,0.0,0.0,0.0,0.0,0.0
53.654380882668285,0.06449922167245309,17173.99766677617,277.88973431794864,13.42960068014101,1.1497983013336412,0.9925536115260816,21.49793548758659,0.3937139435351603,0.31622776601683794,0.9762635998787282
0.0,0.0,0.0,0.0,0.0,0.0,0.0,0.0,0.0,0.0,0.0
270.0977245272157,0.24983018613600078,19260.11236594726,620.7746568303226,1.0535199240751032,-110.9693151632382,0.9887938612341454,248.11615128249474,2.3181410607708357,0.044824468792893084,0.9986787259912067
0.0,0.0,0.0,0.0,0.0,0.0,0.0,0.0,0.0,0.0,0.0
182.44088045867593,0.19953955139920976,22468.202659306746,479.8491883777843,2.6315308294306923,-38.777573018792225,0.9945904186114742,131.38858956091747,1.127952199695388,0.07305271542664449,0.9960295061736832
108.37433887412197,0.22446764150707055,6353.897060213498,265.6037577179357,1.9393478545348881,-1.6563421981198445,0.9993555548636476,303.23622369758675,0.1682032847011579,0.029836472402833374,0.9989647092974475
232.2099910448567,0.23899062287145065,21412.35234984,548.0906394321162,1.5311686782191687,-84.03843574647487,0.9906523730495924,66.40204517292932,4.629771713043102,0.093260334688322,0.9936679033422193
0.0,0.0,0.0,0.0,0.0,0.0,0.0,0.0,0.0,0.0,0.0
0.0,0.0,0.0,0.0,0.0,0.0,0.0,0.0,0.0,0.0,0.0
0.0,0.0,0.0,0.0,0.0,0.0,0.0,0.0,0.0,0.0,0.0
118.05368071241219,0.24999732113386003,12153.166023285548,271.2178814104809,1.006568398153011,-0.4743619569324409,0.9985628764731956,231.90094874527165,0.21575119656346864,0.03236689285040602,0.9986499592391544
124.12451650731175,0.22041873459580014,8253.538312035686,307.54485567354783,2.0487065976591414,-5.56815855140551,0.999001950617213,180.5742564552892,0.32980326749577543,0.03808974636954072,0.9984240664501718
13.881295669344567,0.18511025718858368,10259.70847656521,38.191939543580894,3.077216807057892,0.012858561522464826,0.9931231300665982,18.047697074637185,0.00517738234338403,0.31622776601683794,0.9966036388243272
67.29815771250476,0.24920473702812998,4226.404427047577,154.90641370240763,1.1195440086682453,2.261728420299876,0.992664209062532,186.21763098744213,0.05774540451794942,0.057223676593502144,0.9958836340199498
139.50092051715163,0.17664794946701778,18024.495777042805,394.7407055908366,3.3636840348025427,-4.132084076284428,0.9975336625441312,57.425162823250886,1.5417792070202534,0.062076795936247604,0.9968610978506816
86.28320258565238,0.10618493014885108,23285.370087068073,331.35118271046514,7.280172834694217,11.374800801164284,0.9771056066119315,49.37036127454537,0.665974135830519,0.093260334688322,0.9952604052681
79.63395177583958,0.16022463049306054,11769.958184398763,238.92450811825427,3.990652058215994,5.381038216965038,0.9982611763561005,102.33814990814733,0.22217646352252793,0.057223676593502144,0.9968271586119081
171.16195626503597,0.2264670478825965,18750.43042975303,417.25757547471306,1.8852079964059687,-31.36344745771882,0.9954432461225602,95.6359576942256,1.1223227084397673,0.052749970637026196,0.9974912474454808
157.55883560901356,0.20899988990719848,25735.348739013043,403.04647593515824,2.3611732498026745,-25.739031908803284,0.9973684670767425,122.67926814563505,0.8033555188583485,0.052749970637026196,0.9975111916462435
122.36113606656107,0.24074108415805076,15862.8723896163,287.5500009386291,1.4766161641453475,-2.600133350279421,0.9995757614398755,110.94785577962851,0.5016748242929918,0.04862601580065353,0.9971810862908496
147.73374964471202,0.2393197537276993,23209.52320052199,348.41158918969103,1.521084313240263,-16.709878339737728,0.9982991809590799,65.57911962069612,1.2644019122637586,0.062076795936247604,0.9959013120186895
85.99760720430989,0.2427255039882295,5106.512428776529,201.10233846346208,1.4113273901866041,3.3176405968204215,0.9977847350392923,156.27038636258706,0.11855501495551765,0.044824468792893084,0.9974454099567217
0.0,0.0,0.0,0.0,0.0,0.0,0.0,0.0,0.0,0.0,0.0
135.92627727522404,0.24945797093215893,12493.948039020881,312.68351930896176,1.0976740722104494,-8.657790381522517,0.9996486030524463,190.80752414910663,0.3711230339001695,0.044824468792893084,0.9975891428058441
60.443845384701646,0.21091353479000302,4412.555008374832,153.7763030628213,2.308004737001271,1.4490826240462042,0.9949824274211125,96.69352372807847,0.06420308752606284,0.07305271542664449,0.9941999548405911
0.0,0.0,0.0,0.0,0.0,0.0,0.0,0.0,0.0,0.0,0.0
0.0,0.0,0.0,0.0,0.0,0.0,0.0,0.0,0.0,0.0,0.0
92.7128856637065,0.174220136071614,8280.810569296122,264.533750573531,3.450010453776287,5.460734090532544,0.9988274104736172,112.58408469041807,0.30150303136047935,0.04862601580065353,0.9976187448667666
0.0,0.0,0.0,0.0,0.0,0.0,0.0,0.0,0.0,0.0,0.0
71.92429507776406,0.197386622513605,4139.300379254432,190.40790935302962,2.6951646063325145,2.7900625107115875,0.9964870516184811,221.8888216259365,0.056048818704100625,0.04862601580065353,0.9973627117894303
253.4625052139252,0.24981167327642934,23751.187182791236,582.5672764375367,1.0564420055866366,-97.26489911094859,0.9916854062962872,96.9452719221175,5.5798121354815144,0.0792482898353917,0.9954834139725707
165.42263910755267,0.24008664706562857,13207.004283067727,389.38044871402633,1.497289330529927,-32.536614565524964,0.9976567195454581,262.48231333069674,0.4025950984866286,0.03808974636954072,0.9985491967621715
174.4005749475743,0.24520504763130957,10471.32209286949,405.3500852732506,1.3215084684373077,-30.37834418636919,0.9973598639043975,116.023273073987,0.9853747837032698,0.04862601580065353,0.9976689996757763
88.96204080172672,0.16357762635488668,25980.124802329017,263.6151684312414,3.85382287728705,6.002323580484681,0.9987648423684186,49.86315891775586,0.6160217742551094,0.07305271542664449,0.9948528836395784
53.30814378629849,0.13213687883148653,9568.096626051438,179.54740552308743,5.3821091851933565,1.293720812377175,0.9979043333934716,106.79813479888115,0.04745044243074926,0.0792482898353917,0.9951912327658683
60.813654062009284,0.19502206630038108,6347.117218754409,162.16265535725364,2.766105814045387,1.5560936469696882,0.9946214301562563,166.50151072191102,0.03893650837506772,0.0792482898353917,0.9933506267349093
74.459662776306,0.24626703974535347,2013.3729236211746,172.61450651662918,1.2784127214236407,2.6089835257948195,0.9950327554338894,344.42877759912477,0.03765835990823215,0.03511191734215131,0.9984286724248252
49.50489987207649,0.1385434239396889,2254.42714046803,162.06776258514824,5.018698721869593,1.1674569433440212,0.9968114560567478,387.6849147700137,0.01256214094420507,0.2915053062825176,0.9725822985811959
117.15251941202146,0.24727373260588625,6304.616976146723,270.9223549357935,1.2332079705670507,-4.4672941662181955,0.999017185267923,354.41546775843454,0.16355865423099306,0.044824468792893084,0.9974578932098374
0.0,0.0,0.0,0.0,0.0,0.0,0.0,0.0,0.0,0.0,0.0
98.21621582720833,0.24992276767730595,8829.726505694402,225.68344583061926,1.0357816815161929,2.415866131353056,0.9968787878626754,147.09033207251167,0.27166690964989376,0.04862601580065353,0.9968509523880369
159.36757124472902,0.24193081407136122,14285.603138009199,373.40939616966074,1.4380054680443488,-29.633432354266688,0.9984960813201083,131.96485992761603,0.7617804769715851,0.04862601580065353,0.9975376742201095
0.0,0.0,0.0,0.0,0.0,0.0,0.0,0.0,0.0,0.0,0.0
152.1320875642672,0.22345674496176943,12177.101999482958,373.85633467183425,1.9666636766683396,-18.83186276395702,0.9974308995283862,242.6650655385173,0.3552383716843848,0.03236689285040602,0.9989774165073261
116.20123410013966,0.20824975352800426,10132.50382918968,297.8928248700595,2.382134953879886,-0.39206963933321504,0.9991774246208809,185.59920835945104,0.27349347209885105,0.07305271542664449,0.9942774645694943
0.0,0.0,0.0,0.0,0.0,0.0,0.0,0.0,0.0,0.0,0.0
87.3829301411157,0.1545871111887823,16925.965801561757,267.8691099020143,4.232582211014052,6.785591112307461,0.9987256200002217,85.06073283464339,0.3572354230676991,0.057223676593502144,0.9969990923067166
0.0,0.0,0.0,0.0,0.0,0.0,0.0,0.0,0.0,0.0,0.0
36.56287431620656,0.06449922167245309,7908.210383315281,189.36845906115505,13.42960068014101,0.16759256566631398,0.9850791560608099,40.210312455968484,0.04585926530822781,0.2915053062825176,0.9809576646153555
0.0,0.0,0.0,0.0,0.0,0.0,0.0,0.0,0.0,0.0,0.0
272.40432120267343,0.24983018613600078,19545.266579068764,626.0759853111886,1.053519924075103,-111.158348068446,0.9902413351368797,246.72831247159553,2.4275642354199785,0.044824468792893084,0.9986655776270035
0.0,0.0,0.0,0.0,0.0,0.0,0.0,0.0,0.0,0.0,0.0
179.43327339004725,0.19953955139920976,21854.14348423166,471.9386926204058,2.6315308294306923,-35.808261553756324,0.9921899616900571,133.34753119207113,1.0783361989331395,0.07305271542664449,0.9960300752348646
83.10565048717571,0.22446764150707055,2873.0582384928025,203.67527300559132,1.9393478545348881,3.8112619542304706,0.9982038854898704,551.9940198870224,0.04494887548460922,0.023371515179132774,0.999343680367715
162.79594397875456,0.23899062287145065,11103.94065341848,384.25105065799823,1.5311686782191687,-30.074392217335742,0.998486737354281,98.69083589538825,1.0257236676406163,0.057223676593502144,0.9966671044743692
0.0,0.0,0.0,0.0,0.0,0.0,0.0,0.0,0.0,0.0,0.0
0.0,0.0,0.0,0.0,0.0,0.0,0.0,0.0,0.0,0.0,0.0
0.0,0.0,0.0,0.0,0.0,0.0,0.0,0.0,0.0,0.0,0.0
85.64047730112937,0.24999732113386003,5875.35904852332,196.75141576634104,1.0065683981530111,3.5355509955106754,0.9960800566204163,381.18561818190534,0.05258572196067308,0.03236689285040602,0.998615115160055
186.05270505002508,0.22041873459580014,18427.384830301347,460.98509732291706,2.0487065976591414,-47.66546543632958,0.9931382207619296,107.90637467782973,1.3497311104453822,0.06734150657750822,0.996323977372681
12.091212257667891,0.18511025718858368,7538.3880635991945,33.26684039828254,3.077216807057892,0.007918018306811145,0.9939447687147812,22.13164393315825,0.002837415861603474,0.31622776601683794,0.997230156239786
91.48318524888543,0.24920473702812998,9230.564621037302,210.5753355317281,1.1195440086682453,3.2633599369986683,0.9956334241640888,107.1586236347326,0.2772643480941354,0.057223676593502144,0.9956190600730004
119.19951816412107,0.17664794946701778,13490.773709829578,337.2945621560092,3.3636840348025427,4.5604930486481905,0.9981421364330266,69.26597931831982,0.886091393942495,0.057223676593502144,0.9970287549795189
116.4264910133555,0.23973436689775565,6209.796888888838,274.29230912022973,1.508273921719013,-0.4242652089123169,0.9995142873471519,180.4844339512104,0.27510858398845034,0.04132012400115335,0.9979353239114654
0.0,0.0,0.0,0.0,0.0,0.0,0.0,0.0,0.0,0.0,0.0
156.68652994632458,0.19481577603060632,20609.249481755818,418.0778787845367,2.7723496599787216,-27.461089362381045,0.9956650693912076,81.47681518778005,1.4207181841780496,0.07305271542664449,0.9956044708701716
0.0,0.0,0.0,0.0,0.0,0.0,0.0,0.0,0.0,0.0,0.0
67.364280004853,0.19060481024621692,6795.382519725611,182.11652648180302,2.9018495002247655,2.737706336133609,0.9947886744801425,187.47034878080464,0.06365815764339797,0.052749970637026196,0.9969758948163642
16.5507338601336,0.1260777552517815,1400.5080285231363,57.33689550723017,5.757940075789444,0.017127302714870084,0.9963781583600327,238.51526972942196,0.00043278775734575107,0.10116970998767491,0.9971733474737657
24.622032102626058,0.2413730152077316,8807.992697360407,57.77110358652611,1.4562876788130934,0.07086326347120414,0.9943993082049698,51.2617079903411,0.007138575877730538,0.19403442495579137,0.979969151424883
40.22624662939109,0.18163651374124024,4397.737667091978,111.94059664678167,3.1922414426485717,0.3568519628374787,0.9906353337120554,118.78363734841884,0.012831665066885555,0.08596930867190788,0.9939862152557405
0.0,0.0,0.0,0.0,0.0,0.0,0.0,0.0,0.0,0.0,0.0
93.19929630675556,0.17715651595414242,10409.347732240822,263.2681701481394,3.345848169269412,5.316153835720048,0.9987709067946484,73.5075748052675,0.42464068110227476,0.10116970998767491,0.9895410946759867
150.3314851742222,0.24701200152465835,14986.334984328154,347.8717125241405,1.2454884139441742,-24.09110968391016,0.9996957011950324,172.22269897816145,0.49932641105229914,0.10974987654930557,0.9863201616476731
0.0,0.0,0.0,0.0,0.0,0.0,0.0,0.0,0.0,0.0,0.0
65.90584087479154,0.16337031789684497,4631.316569579328,195.44295168829038,3.8621390791342067,3.155354179601339,0.9965846142613367,281.9060506591938,0.04574983313090696,0.03808974636954072,0.9985792203692866
115.75398399394015,0.24860406934421117,10663.033348057774,266.8277582178285,1.161517938193383,-6.318452253304642,0.9987376075711626,170.5241331466501,0.3559173663680242,0.04132012400115335,0.9978123583989782
54.78004106052135,0.2208624218411033,6593.777785773858,135.5655234777235,2.0367199793444475,1.2279842337362896,0.9940014588457925,112.74699587680823,0.04773666394735253,0.0792482898353917,0.9933752063228511
47.13395515485728,0.09674306398883765,5239.281716243102,191.40883567106724,8.214928746920064,0.8362021438953655,0.9879972544795959,162.70995162545276,0.02408722168216831,0.22834203047182716,0.9741340270950793
163.41979543184138,0.2498468021575949,13867.235824587697,375.57820795268026,1.0507659380617536,-39.242630373562235,0.9995856830074675,205.54454147377754,0.6037140825468238,0.2915053062825176,0.9503772625111758
148.8121061572979,0.24952072285006535,8613.636683118913,342.27430038662635,1.0915793822787925,-18.766720401983548,0.9995430789497459,232.2267218515658,0.37183140056339387,0.03511191734215131,0.998597230837273
0.0,0.0,0.0,0.0,0.0,0.0,0.0,0.0,0.0,0.0,0.0
23.280866986193598,0.22969683321666937,4139.693301539839,56.27378732309481,1.7971181504237992,0.05695770081401769,0.9940949156144442,116.16735731447714,0.0026105622278781862,0.31622776601683794,0.9911465080107049
85.91578051998651,0.19598411170099747,12930.661970847543,228.4233102867109,2.7371049014010977,3.9593598110174355,0.9979872136251139,139.3535426663201,0.15082091743817874,0.08596930867190788,0.9917361280985837
0.0,0.0,0.0,0.0,0.0,0.0,0.0,0.0,0.0,0.0,0.0
106.97956775718927,0.2239504260323047,21302.626665789765,262.5485977213236,1.9533268403482371,0.7656480462769224,0.9993190405606651,48.12623783034136,0.9381177073188594,0.07305271542664449,0.9937687711213357
0.0,0.0,0.0,0.0,0.0,0.0,0.0,0.0,0.0,0.0,0.0
9.901218346551882,0.17826043754699836,15448.934924434472,27.86478246711458,3.307419141916039,0.0033115091445484503,0.9948559872930711,8.317597074312221,0.0030040390719627517,0.31622776601683794,0.9980018749989306
0.0,0.0,0.0,0.0,0.0,0.0,0.0,0.0,0.0,0.0,0.0
50.71217767513734,0.17279636751895375,7797.274424349557,145.4090694579271,3.501572733694538,0.8991218826172626,0.9927280680472517,85.17162884251584,0.04318302768609787,0.08596930867190788,0.9931908342352703
180.13919270666327,0.23381574135101965,17782.126831421705,430.8082033486426,1.6825284050312164,-45.56590477498477,0.9964105151077598,148.04751484382618,0.8982836942610314,0.04862601580065353,0.997846493003954
270.33502806263755,0.24949406119358225,22040.95989815216,621.8221594701066,1.0942105035462164,-132.60727841940752,0.9889326333177164,161.91277353232095,2.7088257993734004,0.19403442495579137,0.9754792591900198
0.0,0.0,0.0,0.0,0.0,0.0,0.0,0.0,0.0,0.0,0.0
218.83569454201972,0.2478977380223588,22524.772631426087,505.3061957379195,1.2019177539142167,-68.81864635896585,0.9961548874045852,118.5114861540579,1.5407551471619658,0.1519911082952933,0.9805106445137898
165.34417983929677,0.22944063115689448,13160.353225586925,399.93251573074593,1.8041475587538505,-33.18348020935582,0.996835650166002,248.56324869695953,0.4205242584444564,0.19403442495579137,0.9647497297052827
0.0,0.0,0.0,0.0,0.0,0.0,0.0,0.0,0.0,0.0,0.0
115.58249242812073,0.1796650800065916,19475.03504612207,323.75303643913117,3.259076472135799,5.276071756049767,0.9983303646576179,41.461724369328856,1.3303574395892366,0.07305271542664449,0.9949886077641015
116.3900907281036,0.2475493628058384,9990.079897887637,268.97933717603416,1.2197750972545884,-1.0461715326071044,0.9993048385803784,85.84382760824737,0.5949393467408484,0.057223676593502144,0.995889398901517
85.42993106787219,0.19622585603292808,5027.208690706874,226.9636549164135,2.729847541789,3.8560208836358605,0.9982886986114708,177.07109275593237,0.10408950956052458,0.03808974636954072,0.998377681149397
197.60861575700005,0.2484812930692554,24345.100477854478,455.6481978336705,1.1690590222313382,-58.30405392535033,0.9983637643236187,64.61135383125946,2.4982035458348,0.093260334688322,0.9917857820934307
0.0,0.0,0.0,0.0,0.0,0.0,0.0,0.0,0.0,0.0,0.0
0.0,0.0,0.0,0.0,0.0,0.0,0.0,0.0,0.0,0.0,0.0
0.0,0.0,0.0,0.0,0.0,0.0,0.0,0.0,0.0,0.0,0.0
54.71035791684499,0.1678785566061909,2175.7280271385507,159.61452874714053,3.6853416426506933,1.2863879333334676,0.9942476287731268,257.65278923339446,0.0200431354067903,0.044824468792893084,0.9981082644360542
113.91300376427189,0.16287983059383507,13459.000430898765,338.41758232393926,3.881889041161795,5.764884225244984,0.9977558331612292,80.0167600348588,0.7869944124528726,0.052749970637026196,0.9976267986049169
72.08318132668222,0.1594687457748347,13627.26982357293,216.88454140985206,4.022201165715669,3.2522332075678366,0.997808756149944,77.07517992808677,0.16211519063042382,0.093260334688322,0.9916007342538642
59.744959582486146,0.23349061445552005,12150.061110634098,143.0011779216806,1.6917092802245646,1.301198299386813,0.995097890242105,63.539624763906474,0.0895553849013968,0.10116970998767491,0.9885398543322739
95.52526364336343,0.24643938361583606,6353.844270649774,221.35644768454273,1.2710286498712344,2.7416269436676046,0.998126897892179,228.55888320053037,0.17176727878221332,0.04132012400115335,0.9977902432038686
110.0248464266716,0.15616499576123002,14592.19875751888,335.22820746311544,4.16328895478062,5.632764341581947,0.9963491780447107,47.69003908183433,1.3967395991071245,0.07305271542664449,0.9955981239407096
0.0,0.0,0.0,0.0,0.0,0.0,0.0,0.0,0.0,0.0,0.0
95.16910041886109,0.2311334208471931,3507.5477718276566,229.1808447917908,1.7575227515108347,2.907078448216037,0.998612488068906,705.3598864583553,0.04467556936931233,0.03808974636954072,0.9982174165116464
214.47621713025714,0.2495595473408329,18737.244724771394,493.25855638857615,1.0876258575584263,-64.02649907169734,0.9974707534786112,222.18645532653252,0.7320919985286111,0.04132012400115335,0.9984866392569067
14.028295967892205,0.24455308875608864,14827.705107005793,32.65735660351486,1.3463338596907524,0.010558007192773947,0.9962568350951709,22.694846466504426,0.003548151545945822,0.07305271542664449,0.9907444174733987
42.75873686432365,0.11709676540875877,7241.043924025024,154.84526443669313,6.383286429711438,0.44991876239038897,0.9979744816267657,80.73396457737441,0.025651147664381074,0.31622776601683794,0.9785559509967421
0.0,0.0,0.0,0.0,0.0,0.0,0.0,0.0,0.0,0.0,0.0
0.0,0.0,0.0,0.0,0.0,0.0,0.0,0.0,0.0,0.0,0.0
0.0,0.0,0.0,0.0,0.0,0.0,0.0,0.0,0.0,0.0,0.0
62.555924621813645,0.24286912064085206,8944.529397523977,146.2328914829576,1.4064176321591304,1.8970161157219962,0.994877915189163,142.1304766894871,0.05926291385825552,0.06734150657750822,0.9946695222216224
144.3583760157866,0.24835115565270588,7793.271934264113,332.967830642633,1.1767805469205408,-13.817726592533703,0.9996837271779677,154.6947090661313,0.4706819561837265,0.03808974636954072,0.9983044161833903
84.13395792293451,0.24984133036704664,16099.476570581613,193.36272138133816,1.0516878161935155,3.4195229739962834,0.995233864787924,64.66500280052651,0.312835086702075,0.08596930867190788,0.9902192198832858
0.0,0.0,0.0,0.0,0.0,0.0,0.0,0.0,0.0,0.0,0.0
112.65451306308677,0.1431038740909079,19723.62162820309,361.7077049869169,4.778667664975931,13.782711371818905,0.9953073611890411,52.432001068397646,1.188077545044567,0.06734150657750822,0.9967040457381638
0.0,0.0,0.0,0.0,0.0,0.0,0.0,0.0,0.0,0.0,0.0
106.79807589595849,0.24910849912728192,4693.968423589052,245.8840179933001,1.1270169975108346,-0.09052504782151516,0.9973764337044652,409.09125596798617,0.10535430489820528,0.025353644939701114,0.9991504134710834
0.0,0.0,0.0,0.0,0.0,0.0,0.0,0.0,0.0,0.0,0.0
0.0,0.0,0.0,0.0,0.0,0.0,0.0,0.0,0.0,0.0,0.0
20.68082705982842,0.042817602356165184,2732.2014786220457,136.96023615105642,21.307949978970264,0.003159796105612872,0.9924324946443109,89.96597125178766,0.0031637260708714124,0.31622776601683794,0.9933191640391372
108.16238347080625,0.24266669989200976,3539.256707253607,252.97065101388156,1.4133294354930237,-2.3834671179955293,0.9986319804554051,363.8174033345285,0.13421336378620544,0.02750387840931946,0.9990404348078729
68.6124936334817,0.24669707534660454,6951.24549544267,158.89301394261523,1.259739301266163,2.076608000439533,0.9939079579951869,124.60728447855855,0.07693734868331162,0.06734150657750822,0.9943463245499913
101.48114554702656,0.14699503809392947,16060.233201525245,320.6297053622084,4.584840628863325,11.075273948093859,0.9970705771709848,50.02073332158297,0.8744179074176132,0.06734150657750822,0.9963406879690612
0.0,0.0,0.0,0.0,0.0,0.0,0.0,0.0,0.0,0.0,0.0
0.0,0.0,0.0,0.0,0.0,0.0,0.0,0.0,0.0,0.0,0.0
0.0,0.0,0.0,0.0,0.0,0.0,0.0,0.0,0.0,0.0,0.0
173.31870629252913,0.24990877707504205,14197.695375965504,398.26902701867334,1.0389482725396795,-36.45066188256169,0.9988977019448069,152.62437251821626,0.7430681115447891,0.044824468792893084,0.9979134355263042
189.71852264467583,0.2486778418439408,12480.292508829594,437.2476462412451,1.1568527729987605,-52.340284276582906,0.9974030614088965,190.9967641677131,0.7832255503433381,0.044824468792893084,0.9980850571756542
0.0,0.0,0.0,0.0,0.0,0.0,0.0,0.0,0.0,0.0,0.0
100.95041130944239,0.22890694213175483,4816.944468153085,244.51905824039557,1.8187633222725537,0.7964199064810202,0.999102222273387,460.36638438409034,0.0943244062014056,0.023371515179132774,0.9993409481948404
0.0,0.0,0.0,0.0,0.0,0.0,0.0,0.0,0.0,0.0,0.0
86.79786037089293,0.20508174426860634,10862.663670978269,224.57055799962586,2.4714902402796413,4.200395549060779,0.9983195456815341,96.1132728454366,0.2700492869914278,0.057223676593502144,0.9962473608555839
61.870371556830236,0.08514527802800423,22746.363937361086,271.26039097582594,9.640907833586684,4.653640830069996,0.9565051224194429,35.48091380178232,0.49881413469782077,0.1519911082952933,0.9902156484709718
0.0,0.0,0.0,0.0,0.0,0.0,0.0,0.0,0.0,0.0,0.0
52.50563058370916,0.2439713331009135,4100.1725011824565,122.4059698030703,1.3676736242735512,0.93542825729659,0.9930321860128977,320.2559228292678,0.012720200212936857,0.052749970637026196,0.9969850523278108
165.99615053449745,0.24460684430880963,10221.832475308662,386.3819713394276,1.3443256852248988,-34.03408280671931,0.9993043033042991,285.99349101232565,0.3693523398774296,0.057223676593502144,0.9965553963747964
0.0,0.0,0.0,0.0,0.0,0.0,0.0,0.0,0.0,0.0,0.0
139.0454995119724,0.21971586448497243,18128.91941112845,345.17559882596134,2.0677046371978167,-17.56704048744824,0.9984442387470647,92.7542719529511,0.8875723529373525,0.052749970637026196,0.9971597072545769
81.54341943652953,0.1774998510506279,22645.213368027285,230.07536697278363,3.3338544364705376,4.7792736362094015,0.9981778454678911,46.289717787715205,0.4949754044633884,0.08596930867190788,0.9922615212478089
0.0,0.0,0.0,0.0,0.0,0.0,0.0,0.0,0.0,0.0,0.0
0.0,0.0,0.0,0.0,0.0,0.0,0.0,0.0,0.0,0.0,0.0
192.77096768528304,0.24919890652458845,17364.75948260949,443.7250510865285,1.1200076762435578,-48.134201682180986,0.9986830947860499,77.08396614122478,1.6785172790083291,0.06734150657750822,0.9956003807599292
60.917589067602826,0.24558077949783888,1809.867935844281,141.45753399727568,1.3066838499195943,1.4816990955443332,0.9942266640970808,740.1360131928233,0.008816595281762223,0.02750387840931946,0.999110362924629
82.8001877995641,0.15249873274148903,9558.978184174528,255.90076310778917,4.326286419231346,5.937118405584169,0.9986270760846405,117.58411158738954,0.20629015307718923,0.052749970637026196,0.9974494931435163
200.938138873347,0.2415772463899292,16298.563016463007,471.22547341949434,1.449632860359557,-63.17172409713976,0.9938934950330229,146.50787832627253,1.6136197628531759,0.057223676593502144,0.9972127580286829
165.48279192559653,0.24635702453299127,21685.087332331088,383.54283086509815,1.2745731220116017,-37.920106508837506,0.9991329519671758,126.95583730044578,0.9546378159455021,0.057223676593502144,0.9965435565832299
0.0,0.0,0.0,0.0,0.0,0.0,0.0,0.0,0.0,0.0,0.0
133.11607677556216,0.24895232068038764,21195.615354069807,306.5919884326239,1.138433067638969,-17.705786886827525,0.9996458621284258,107.6186132696773,0.7819124352218758,0.052749970637026196,0.9966527712749841
85.27849503452418,0.1932116090735244,7028.58788821809,228.6754787905284,2.8212152611155648,4.018841561023066,0.9978723716915755,160.9147647590931,0.12347071594544046,0.04132012400115335,0.9981005754444774
112.57729196271247,0.2362826576628531,7025.087323989726,267.54182750315374,1.6117915913685716,-3.9271296624554424,0.9993597657153629,156.50451056143405,0.34924681765861804,0.04132012400115335,0.9979307496422143
0.0,0.0,0.0,0.0,0.0,0.0,0.0,0.0,0.0,0.0,0.0
41.926710887308005,0.08430257981011373,17051.690967472612,184.92101763020344,9.759569659191783,0.37809267686921255,0.9761199110529658,15.182294347037663,0.1569305200253373,0.31622776601683794,0.9649659046784791
126.04089729213497,0.17084494095198388,19895.88508935567,363.8733192834678,3.5734165995548066,7.625473757281242,0.9965823027413054,99.61915413864443,0.7084941820696938,0.044824468792893084,0.998314404247467
27.565032873371077,0.20638315177226635,9649.444495678972,71.04834574111014,2.4346140389021405,0.10315343366472782,0.9913054549115871,58.59640361268472,0.008064145131716606,0.21049041445120198,0.9741066171011756
0.0,0.0,0.0,0.0,0.0,0.0,0.0,0.0,0.0,0.0,0.0
88.63604411299504,0.0959730221196361,25035.518261480112,361.6769757473804,8.299099780265509,15.529474033058676,0.9637065154462046,20.6540512750618,2.098984665186969,0.1519911082952933,0.9898139452442021
87.02178339126219,0.2499992522179607,6083.787363613695,199.92391765995262,1.0034649682822367,3.4217588780432138,0.995573218030167,127.53575176432747,0.17520184200185054,0.052749970637026196,0.9962941389093598
219.2319668541151,0.23702062714189095,23481.288231394192,520.034545487026,1.5901840612004359,-70.29281947765125,0.9931285306069932,129.13090376229002,1.5687559730466714,0.057223676593502144,0.9974603716000808
0.0,0.0,0.0,0.0,0.0,0.0,0.0,0.0,0.0,0.0,0.0
0.0,0.0,0.0,0.0,0.0,0.0,0.0,0.0,0.0,0.0,0.0
103.18160848499718,0.24991486948152236,3664.3351852668115,237.09753333123993,1.037600328291306,3.0539884144227827,0.9977691894856707,420.48539771732504,0.08536964057980581,0.025353644939701114,0.9991524198837387
0.0,0.0,0.0,0.0,0.0,0.0,0.0,0.0,0.0,0.0,0.0
0.0,0.0,0.0,0.0,0.0,0.0,0.0,0.0,0.0,0.0,0.0
76.90529576706601,0.20505531354076215,5958.287695773249,198.99108967618628,2.4722417415431583,3.576734789006805,0.997294466664788,199.13106089247827,0.09089520455125805,0.04132012400115335,0.9980449094970452
33.7091114743255,0.2284245115220836,3738.1045702714187,81.75262048363157,1.8319463909279183,0.21029117856823765,0.9934115441264545,171.94900785328574,0.0055478033040967725,0.1519911082952933,0.9831408319434881
184.89090745989463,0.24926552660649035,19922.403943873385,425.518280293238,1.1146171986663544,-47.997758617318894,0.9976601201480222,130.33877043675292,1.089747512679131,0.062076795936247604,0.9962496555435256
0.0,0.0,0.0,0.0,0.0,0.0,0.0,0.0,0.0,0.0,0.0
123.2303931368314,0.21634743147118074,15783.804085313552,308.7640919681685,2.15902231668267,0.15432239178151974,0.9991382233469641,85.25703795538955,0.6348938862558684,0.04862601580065353,0.9974524134601187
0.0,0.0,0.0,0.0,0.0,0.0,0.0,0.0,0.0,0.0,0.0
0.0,0.0,0.0,0.0,0.0,0.0,0.0,0.0,0.0,0.0,0.0
0.0,0.0,0.0,0.0,0.0,0.0,0.0,0.0,0.0,0.0,0.0
153.58433878491834,0.24973511611538704,11449.190033369774,353.06865549066595,1.0672913836876408,-27.629888727603145,0.9997007457216143,148.24018037226958,0.6448489768991336,0.044824468792893084,0.9977090319859439
0.0,0.0,0.0,0.0,0.0,0.0,0.0,0.0,0.0,0.0,0.0
0.0,0.0,0.0,0.0,0.0,0.0,0.0,0.0,0.0,0.0,0.0
130.61650976291216,0.23982854614692944,11688.32900942296,307.6504465807371,1.5053465716776337,-10.17419170705385,0.9994794871918965,120.75079846961492,0.5751736412073376,0.044824468792893084,0.9976830994529036
0.0,0.0,0.0,0.0,0.0,0.0,0.0,0.0,0.0,0.0,0.0
0.0,0.0,0.0,0.0,0.0,0.0,0.0,0.0,0.0,0.0,0.0
0.0,0.0,0.0,0.0,0.0,0.0,0.0,0.0,0.0,0.0,0.0
212.28028508515575,0.2302860756915784,22071.63351410117,512.3291360140748,1.7809162194711217,-74.34877699342417,0.989840316728007,158.33360208564034,1.6376045239399184,0.31622776601683794,0.9569169277899376
190.74444053026804,0.23098778014627366,17512.34861604426,459.51372290588245,1.7615521741473181,-57.970042054409475,0.9931354424515634,155.36712858269493,1.561453620985981,0.057223676593502144,0.9972610674755944
87.12186621630973,0.19567769468866023,23156.263212373837,231.84747786994276,2.746321014428605,4.376273133071271,0.9980057553559405,64.11265825839266,0.44732857487093414,0.08596930867190788,0.9917472600818781
0.0,0.0,0.0,0.0,0.0,0.0,0.0,0.0,0.0,0.0,0.0
0.0,0.0,0.0,0.0,0.0,0.0,0.0,0.0,0.0,0.0,0.0
57.919202696351846,0.2494778117490669,4358.309270255189,133.23042681302087,1.0957833285465874,1.543503443217272,0.9923300711966073,350.438707893353,0.020873717183507428,0.04862601580065353,0.9972324603579895
0.0,0.0,0.0,0.0,0.0,0.0,0.0,0.0,0.0,0.0,0.0
102.64772381243155,0.24972159540692687,10536.230782648443,235.98025327864505,1.0690459697219963,2.556549878826246,0.9967708406499406,185.84720471008836,0.18059467415594796,0.044824468792893084,0.9973187402171619
0.0,0.0,0.0,0.0,0.0,0.0,0.0,0.0,0.0,0.0,0.0
71.5080345753423,0.21294700242524894,6900.335846135016,180.8805720488196,2.251943178678561,2.359471028291634,0.9965797935498231,80.52562482794913,0.13276821843976072,0.07305271542664449,0.993863314241421
237.1741707330384,0.24968350014338614,19093.81238483343,545.2974722492925,1.0737871847656777,-88.31401322525306,0.993060286691815,55.035930501905455,4.492633803346705,0.093260334688322,0.9932944280078929
93.7776370376921,0.21865033160375696,3716.6304572408094,233.4797401035211,2.0965348678307807,3.6232182933203028,0.9989233331080392,184.6563809044659,0.1556170674954248,0.03808974636954072,0.9982906766906374
0.0,0.0,0.0,0.0,0.0,0.0,0.0,0.0,0.0,0.0,0.0
130.2355054134214,0.2081089197762276,18413.387309997433,334.00654940047934,2.3860783407236865,-6.334964128095734,0.9990236541056113,55.542661139415515,1.1443332611763979,0.062076795936247604,0.9960862103653003
0.0,0.0,0.0,0.0,0.0,0.0,0.0,0.0,0.0,0.0,0.0
112.32025442386791,0.2486762998398808,19078.393860102165,258.86744693128753,1.1569513891625656,2.362860361632656,0.9985153710833297,36.550147338917796,1.1471725845550018,0.08596930867190788,0.9904758882529605
64.99555390828723,0.222469368708386,3782.9835324269507,160.1479986880468,1.9933270117106587,2.21873750409791,0.9955105967776844,248.15525670977632,0.040233252148323836,0.044824468792893084,0.99770259015109
143.3816207121141,0.15184854816003668,25365.251194610235,444.27011346074994,4.355937418541594,-8.745421851857287,0.9934542536847465,72.495365112385,1.9441835525841107,0.06734150657750822,0.9970685144901943
118.76438148443872,0.222676852120731,8657.82851833836,292.46989376658416,1.9877247855324696,-9.169181637616987,0.9992606371755239,229.11378360686567,0.2947226510433925,0.03236689285040602,0.9988275889856043
0.0,0.0,0.0,0.0,0.0,0.0,0.0,0.0,0.0,0.0,0.0
0.0,0.0,0.0,0.0,0.0,0.0,0.0,0.0,0.0,0.0,0.0
48.46404215133776,0.18527092587912866,919.7304135709319,133.2708815869972,3.0719777694343477,0.739642026191369,0.9917045987389815,807.8304407606101,0.003797886954900258,0.021544346900318822,0.9995663647529993
86.28320258565238,0.10618493014885108,23285.370087068073,331.35118271046514,7.280172834694217,11.374800801164284,0.9771056066119315,49.37036127454537,0.665974135830519,0.093260334688322,0.9952604052681
79.63395177583958,0.16022463049306054,11769.958184398763,238.92450811825427,3.990652058215994,5.381038216965038,0.9982611763561005,102.33814990814733,0.22217646352252793,0.057223676593502144,0.9968271586119081
171.16195626503597,0.2264670478825965,18750.43042975303,417.25757547471306,1.8852079964059687,-31.36344745771882,0.9954432461225602,95.6359576942256,1.1223227084397673,0.052749970637026196,0.9974912474454808
157.55883560901356,0.20899988990719848,25735.348739013043,403.04647593515824,2.3611732498026745,-25.739031908803284,0.9973684670767425,122.67926814563505,0.8033555188583485,0.052749970637026196,0.9975111916462435
122.36113606656107,0.24074108415805076,15862.8723896163,287.5500009386291,1.4766161641453475,-2.600133350279421,0.9995757614398755,110.94785577962851,0.5016748242929918,0.04862601580065353,0.9971810862908496
147.73374964471202,0.2393197537276993,23209.52320052199,348.41158918969103,1.521084313240263,-16.709878339737728,0.9982991809590799,65.57911962069612,1.2644019122637586,0.062076795936247604,0.9959013120186895
85.99760720430989,0.2427255039882295,5106.512428776529,201.10233846346208,1.4113273901866041,3.3176405968204215,0.9977847350392923,156.27038636258706,0.11855501495551765,0.044824468792893084,0.9974454099567217
0.0,0.0,0.0,0.0,0.0,0.0,0.0,0.0,0.0,0.0,0.0
135.92627727522404,0.24945797093215893,12493.948039020881,312.68351930896176,1.0976740722104494,-8.657790381522517,0.9996486030524463,190.80752414910663,0.3711230339001695,0.044824468792893084,0.9975891428058441
60.443845384701646,0.21091353479000302,4412.555008374832,153.7763030628213,2.308004737001271,1.4490826240462042,0.9949824274211125,96.69352372807847,0.06420308752606284,0.07305271542664449,0.9941999548405911
0.0,0.0,0.0,0.0,0.0,0.0,0.0,0.0,0.0,0.0,0.0
0.0,0.0,0.0,0.0,0.0,0.0,0.0,0.0,0.0,0.0,0.0
92.7128856637065,0.174220136071614,8280.810569296122,264.533750573531,3.450010453776287,5.460734090532544,0.9988274104736172,112.58408469041807,0.30150303136047935,0.04862601580065353,0.9976187448667666
0.0,0.0,0.0,0.0,0.0,0.0,0.0,0.0,0.0,0.0,0.0
71.92429507776406,0.197386622513605,4139.300379254432,190.40790935302962,2.6951646063325145,2.7900625107115875,0.9964870516184811,221.8888216259365,0.056048818704100625,0.04862601580065353,0.9973627117894303
253.4625052139252,0.24981167327642934,23751.187182791236,582.5672764375367,1.0564420055866366,-97.26489911094859,0.9916854062962872,96.9452719221175,5.5798121354815144,0.0792482898353917,0.9954834139725707
165.42263910755267,0.24008664706562857,13207.004283067727,389.38044871402633,1.497289330529927,-32.536614565524964,0.9976567195454581,262.48231333069674,0.4025950984866286,0.03808974636954072,0.9985491967621715
174.4005749475743,0.24520504763130957,10471.32209286949,405.3500852732506,1.3215084684373077,-30.37834418636919,0.9973598639043975,116.023273073987,0.9853747837032698,0.04862601580065353,0.9976689996757763
88.96204080172672,0.16357762635488668,25980.124802329017,263.6151684312414,3.85382287728705,6.002323580484681,0.9987648423684186,49.86315891775586,0.6160217742551094,0.07305271542664449,0.9948528836395784
53.30814378629849,0.13213687883148653,9568.096626051438,179.54740552308743,5.3821091851933565,1.293720812377175,0.9979043333934716,106.79813479888115,0.04745044243074926,0.0792482898353917,0.9951912327658683
60.813654062009284,0.19502206630038108,6347.117218754409,162.16265535725364,2.766105814045387,1.5560936469696882,0.9946214301562563,166.50151072191102,0.03893650837506772,0.0792482898353917,0.9933506267349093
74.459662776306,0.24626703974535347,2013.3729236211746,172.61450651662918,1.2784127214236407,2.6089835257948195,0.9950327554338894,344.42877759912477,0.03765835990823215,0.03511191734215131,0.9984286724248252
49.50489987207649,0.1385434239396889,2254.42714046803,162.06776258514824,5.018698721869593,1.1674569433440212,0.9968114560567478,387.6849147700137,0.01256214094420507,0.2915053062825176,0.9725822985811959
117.15251941202146,0.24727373260588625,6304.616976146723,270.9223549357935,1.2332079705670507,-4.4672941662181955,0.999017185267923,354.41546775843454,0.16355865423099306,0.044824468792893084,0.9974578932098374
0.0,0.0,0.0,0.0,0.0,0.0,0.0,0.0,0.0,0.0,0.0
98.21621582720833,0.24992276767730595,8829.726505694402,225.68344583061926,1.0357816815161929,2.415866131353056,0.9968787878626754,147.09033207251167,0.27166690964989376,0.04862601580065353,0.9968509523880369
159.36757124472902,0.24193081407136122,14285.603138009199,373.40939616966074,1.4380054680443488,-29.633432354266688,0.9984960813201083,131.96485992761603,0.7617804769715851,0.04862601580065353,0.9975376742201095
0.0,0.0,0.0,0.0,0.0,0.0,0.0,0.0,0.0,0.0,0.0
152.1320875642672,0.22345674496176943,12177.101999482958,373.85633467183425,1.9666636766683396,-18.83186276395702,0.9974308995283862,242.6650655385173,0.3552383716843848,0.03236689285040602,0.9989774165073261
116.20123410013966,0.20824975352800426,10132.50382918968,297.8928248700595,2.382134953879886,-0.39206963933321504,0.9991774246208809,185.59920835945104,0.27349347209885105,0.07305271542664449,0.9942774645694943
0.0,0.0,0.0,0.0,0.0,0.0,0.0,0.0,0.0,0.0,0.0
87.3829301411157,0.1545871111887823,16925.965801561757,267.8691099020143,4.232582211014052,6.785591112307461,0.9987256200002217,85.06073283464339,0.3572354230676991,0.057223676593502144,0.9969990923067166
0.0,0.0,0.0,0.0,0.0,0.0,0.0,0.0,0.0,0.0,0.0
36.56287431620656,0.06449922167245309,7908.210383315281,189.36845906115505,13.42960068014101,0.16759256566631398,0.9850791560608099,40.210312455968484,0.04585926530822781,0.2915053062825176,0.9809576646153555
0.0,0.0,0.0,0.0,0.0,0.0,0.0,0.0,0.0,0.0,0.0
272.40432120267343,0.24983018613600078,19545.266579068764,626.0759853111886,1.053519924075103,-111.158348068446,0.9902413351368797,246.72831247159553,2.4275642354199785,0.044824468792893084,0.9986655776270035
0.0,0.0,0.0,0.0,0.0,0.0,0.0,0.0,0.0,0.0,0.0
179.43327339004725,0.19953955139920976,21854.14348423166,471.9386926204058,2.6315308294306923,-35.808261553756324,0.9921899616900571,133.34753119207113,1.0783361989331395,0.07305271542664449,0.9960300752348646
83.10565048717571,0.22446764150707055,2873.0582384928025,203.67527300559132,1.9393478545348881,3.8112619542304706,0.9982038854898704,551.9940198870224,0.04494887548460922,0.023371515179132774,0.999343680367715
162.79594397875456,0.23899062287145065,11103.94065341848,384.25105065799823,1.5311686782191687,-30.074392217335742,0.998486737354281,98.69083589538825,1.0257236676406163,0.057223676593502144,0.9966671044743692
0.0,0.0,0.0,0.0,0.0,0.0,0.0,0.0,0.0,0.0,0.0
0.0,0.0,0.0,0.0,0.0,0.0,0.0,0.0,0.0,0.0,0.0
0.0,0.0,0.0,0.0,0.0,0.0,0.0,0.0,0.0,0.0,0.0
85.64047730112937,0.24999732113386003,5875.35904852332,196.75141576634104,1.0065683981530111,3.5355509955106754,0.9960800566204163,381.18561818190534,0.05258572196067308,0.03236689285040602,0.998615115160055
186.05270505002508,0.22041873459580014,18427.384830301347,460.98509732291706,2.0487065976591414,-47.66546543632958,0.9931382207619296,107.90637467782973,1.3497311104453822,0.06734150657750822,0.996323977372681
12.091212257667891,0.18511025718858368,7538.3880635991945,33.26684039828254,3.077216807057892,0.007918018306811145,0.9939447687147812,22.13164393315825,0.002837415861603474,0.31622776601683794,0.997230156239786
91.48318524888543,0.24920473702812998,9230.564621037302,210.5753355317281,1.1195440086682453,3.2633599369986683,0.9956334241640888,107.1586236347326,0.2772643480941354,0.057223676593502144,0.9956190600730004
119.19951816412107,0.17664794946701778,13490.773709829578,337.2945621560092,3.3636840348025427,4.5604930486481905,0.9981421364330266,69.26597931831982,0.886091393942495,0.057223676593502144,0.9970287549795189
116.4264910133555,0.23973436689775565,6209.796888888838,274.29230912022973,1.508273921719013,-0.4242652089123169,0.9995142873471519,180.4844339512104,0.27510858398845034,0.04132012400115335,0.9979353239114654
0.0,0.0,0.0,0.0,0.0,0.0,0.0,0.0,0.0,0.0,0.0
156.68652994632458,0.19481577603060632,20609.249481755818,418.0778787845367,2.7723496599787216,-27.461089362381045,0.9956650693912076,81.47681518778005,1.4207181841780496,0.07305271542664449,0.9956044708701716
0.0,0.0,0.0,0.0,0.0,0.0,0.0,0.0,0.0,0.0,0.0
67.364280004853,0.19060481024621692,6795.382519725611,182.11652648180302,2.9018495002247655,2.737706336133609,0.9947886744801425,187.47034878080464,0.06365815764339797,0.052749970637026196,0.9969758948163642
16.5507338601336,0.1260777552517815,1400.5080285231363,57.33689550723017,5.757940075789444,0.017127302714870084,0.9963781583600327,238.51526972942196,0.00043278775734575107,0.10116970998767491,0.9971733474737657
24.622032102626058,0.2413730152077316,8807.992697360407,57.77110358652611,1.4562876788130934,0.07086326347120414,0.9943993082049698,51.2617079903411,0.007138575877730538,0.19403442495579137,0.979969151424883
40.22624662939109,0.18163651374124024,4397.737667091978,111.94059664678167,3.1922414426485717,0.3568519628374787,0.9906353337120554,118.78363734841884,0.012831665066885555,0.08596930867190788,0.9939862152557405
0.0,0.0,0.0,0.0,0.0,0.0,0.0,0.0,0.0,0.0,0.0
93.19929630675556,0.17715651595414242,10409.347732240822,263.2681701481394,3.345848169269412,5.316153835720048,0.9987709067946484,73.5075748052675,0.42464068110227476,0.10116970998767491,0.9895410946759867
150.3314851742222,0.24701200152465835,14986.334984328154,347.8717125241405,1.2454884139441742,-24.09110968391016,0.9996957011950324,172.22269897816145,0.49932641105229914,0.10974987654930557,0.9863201616476731
0.0,0.0,0.0,0.0,0.0,0.0,0.0,0.0,0.0,0.0,0.0
65.90584087479154,0.16337031789684497,4631.316569579328,195.44295168829038,3.8621390791342067,3.155354179601339,0.9965846142613367,281.9060506591938,0.04574983313090696,0.03808974636954072,0.9985792203692866
115.75398399394015,0.24860406934421117,10663.033348057774,266.8277582178285,1.161517938193383,-6.318452253304642,0.9987376075711626,170.5241331466501,0.3559173663680242,0.04132012400115335,0.9978123583989782
54.78004106052135,0.2208624218411033,6593.777785773858,135.5655234777235,2.0367199793444475,1.2279842337362896,0.9940014588457925,112.74699587680823,0.04773666394735253,0.0792482898353917,0.9933752063228511
47.13395515485728,0.09674306398883765,5239.281716243102,191.40883567106724,8.214928746920064,0.8362021438953655,0.9879972544795959,162.70995162545276,0.02408722168216831,0.22834203047182716,0.9741340270950793
163.41979543184138,0.2498468021575949,13867.235824587697,375.57820795268026,1.0507659380617536,-39.242630373562235,0.9995856830074675,205.54454147377754,0.6037140825468238,0.2915053062825176,0.9503772625111758
148.8121061572979,0.24952072285006535,8613.636683118913,342.27430038662635,1.0915793822787925,-18.766720401983548,0.9995430789497459,232.2267218515658,0.37183140056339387,0.03511191734215131,0.998597230837273
0.0,0.0,0.0,0.0,0.0,0.0,0.0,0.0,0.0,0.0,0.0
23.280866986193598,0.22969683321666937,4139.693301539839,56.27378732309481,1.7971181504237992,0.05695770081401769,0.9940949156144442,116.16735731447714,0.0026105622278781862,0.31622776601683794,0.9911465080107049
85.91578051998651,0.19598411170099747,12930.661970847543,228.4233102867109,2.7371049014010977,3.9593598110174355,0.9979872136251139,139.3535426663201,0.15082091743817874,0.08596930867190788,0.9917361280985837
0.0,0.0,0.0,0.0,0.0,0.0,0.0,0.0,0.0,0.0,0.0
106.97956775718927,0.2239504260323047,21302.626665789765,262.5485977213236,1.9533268403482371,0.7656480462769224,0.9993190405606651,48.12623783034136,0.9381177073188594,0.07305271542664449,0.9937687711213357
0.0,0.0,0.0,0.0,0.0,0.0,0.0,0.0,0.0,0.0,0.0
9.901218346551882,0.17826043754699836,15448.934924434472,27.86478246711458,3.307419141916039,0.0033115091445484503,0.9948559872930711,8.317597074312221,0.0030040390719627517,0.31622776601683794,0.9980018749989306
0.0,0.0,0.0,0.0,0.0,0.0,0.0,0.0,0.0,0.0,0.0
50.71217767513734,0.17279636751895375,7797.274424349557,145.4090694579271,3.501572733694538,0.8991218826172626,0.9927280680472517,85.17162884251584,0.04318302768609787,0.08596930867190788,0.9931908342352703
180.13919270666327,0.23381574135101965,17782.126831421705,430.8082033486426,1.6825284050312164,-45.56590477498477,0.9964105151077598,148.04751484382618,0.8982836942610314,0.04862601580065353,0.997846493003954
270.33502806263755,0.24949406119358225,22040.95989815216,621.8221594701066,1.0942105035462164,-132.60727841940752,0.9889326333177164,161.91277353232095,2.7088257993734004,0.19403442495579137,0.9754792591900198
0.0,0.0,0.0,0.0,0.0,0.0,0.0,0.0,0.0,0.0,0.0
218.83569454201972,0.2478977380223588,22524.772631426087,505.3061957379195,1.2019177539142167,-68.81864635896585,0.9961548874045852,118.5114861540579,1.5407551471619658,0.1519911082952933,0.9805106445137898
165.34417983929677,0.22944063115689448,13160.353225586925,399.93251573074593,1.8041475587538505,-33.18348020935582,0.996835650166002,248.56324869695953,0.4205242584444564,0.19403442495579137,0.9647497297052827
0.0,0.0,0.0,0.0,0.0,0.0,0.0,0.0,0.0,0.0,0.0
115.58249242812073,0.1796650800065916,19475.03504612207,323.75303643913117,3.259076472135799,5.276071756049767,0.9983303646576179,41.461724369328856,1.3303574395892366,0.07305271542664449,0.9949886077641015
116.3900907281036,0.2475493628058384,9990.079897887637,268.97933717603416,1.2197750972545884,-1.0461715326071044,0.9993048385803784,85.84382760824737,0.5949393467408484,0.057223676593502144,0.995889398901517
85.42993106787219,0.19622585603292808,5027.208690706874,226.9636549164135,2.729847541789,3.8560208836358605,0.9982886986114708,177.07109275593237,0.10408950956052458,0.03808974636954072,0.998377681149397
197.60861575700005,0.2484812930692554,24345.100477854478,455.6481978336705,1.1690590222313382,-58.30405392535033,0.9983637643236187,64.61135383125946,2.4982035458348,0.093260334688322,0.9917857820934307
0.0,0.0,0.0,0.0,0.0,0.0,0.0,0.0,0.0,0.0,0.0
0.0,0.0,0.0,0.0,0.0,0.0,0.0,0.0,0.0,0.0,0.0
0.0,0.0,0.0,0.0,0.0,0.0,0.0,0.0,0.0,0.0,0.0
54.71035791684499,0.1678785566061909,2175.7280271385507,159.61452874714053,3.6853416426506933,1.2863879333334676,0.9942476287731268,257.65278923339446,0.0200431354067903,0.044824468792893084,0.9981082644360542
113.91300376427189,0.16287983059383507,13459.000430898765,338.41758232393926,3.881889041161795,5.764884225244984,0.9977558331612292,80.0167600348588,0.7869944124528726,0.052749970637026196,0.9976267986049169
72.08318132668222,0.1594687457748347,13627.26982357293,216.88454140985206,4.022201165715669,3.2522332075678366,0.997808756149944,77.07517992808677,0.16211519063042382,0.093260334688322,0.9916007342538642
59.744959582486146,0.23349061445552005,12150.061110634098,143.0011779216806,1.6917092802245646,1.301198299386813,0.995097890242105,63.539624763906474,0.0895553849013968,0.10116970998767491,0.9885398543322739
95.52526364336343,0.24643938361583606,6353.844270649774,221.35644768454273,1.2710286498712344,2.7416269436676046,0.998126897892179,228.55888320053037,0.17176727878221332,0.04132012400115335,0.9977902432038686
110.0248464266716,0.15616499576123002,14592.19875751888,335.22820746311544,4.16328895478062,5.632764341581947,0.9963491780447107,47.69003908183433,1.3967395991071245,0.07305271542664449,0.9955981239407096
0.0,0.0,0.0,0.0,0.0,0.0,0.0,0.0,0.0,0.0,0.0
95.16910041886109,0.2311334208471931,3507.5477718276566,229.1808447917908,1.7575227515108347,2.907078448216037,0.998612488068906,705.3598864583553,0.04467556936931233,0.03808974636954072,0.9982174165116464
214.47621713025714,0.2495595473408329,18737.244724771394,493.25855638857615,1.0876258575584263,-64.02649907169734,0.9974707534786112,222.18645532653252,0.7320919985286111,0.04132012400115335,0.9984866392569067
14.028295967892205,0.24455308875608864,14827.705107005793,32.65735660351486,1.3463338596907524,0.010558007192773947,0.9962568350951709,22.694846466504426,0.003548151545945822,0.07305271542664449,0.9907444174733987
42.75873686432365,0.11709676540875877,7241.043924025024,154.84526443669313,6.383286429711438,0.44991876239038897,0.9979744816267657,80.73396457737441,0.025651147664381074,0.31622776601683794,0.9785559509967421
0.0,0.0,0.0,0.0,0.0,0.0,0.0,0.0,0.0,0.0,0.0
0.0,0.0,0.0,0.0,0.0,0.0,0.0,0.0,0.0,0.0,0.0
0.0,0.0,0.0,0.0,0.0,0.0,0.0,0.0,0.0,0.0,0.0
62.555924621813645,0.24286912064085206,8944.529397523977,146.2328914829576,1.4064176321591304,1.8970161157219962,0.994877915189163,142.1304766894871,0.05926291385825552,0.06734150657750822,0.9946695222216224
144.3583760157866,0.24835115565270588,7793.271934264113,332.967830642633,1.1767805469205408,-13.817726592533703,0.9996837271779677,154.6947090661313,0.4706819561837265,0.03808974636954072,0.9983044161833903
84.13395792293451,0.24984133036704664,16099.476570581613,193.36272138133816,1.0516878161935155,3.4195229739962834,0.995233864787924,64.66500280052651,0.312835086702075,0.08596930867190788,0.9902192198832858
0.0,0.0,0.0,0.0,0.0,0.0,0.0,0.0,0.0,0.0,0.0
112.65451306308677,0.1431038740909079,19723.62162820309,361.7077049869169,4.778667664975931,13.782711371818905,0.9953073611890411,52.432001068397646,1.188077545044567,0.06734150657750822,0.9967040457381638
0.0,0.0,0.0,0.0,0.0,0.0,0.0,0.0,0.0,0.0,0.0
106.79807589595849,0.24910849912728192,4693.968423589052,245.8840179933001,1.1270169975108346,-0.09052504782151516,0.9973764337044652,409.09125596798617,0.10535430489820528,0.025353644939701114,0.9991504134710834
0.0,0.0,0.0,0.0,0.0,0.0,0.0,0.0,0.0,0.0,0.0
0.0,0.0,0.0,0.0,0.0,0.0,0.0,0.0,0.0,0.0,0.0
20.68082705982842,0.042817602356165184,2732.2014786220457,136.96023615105642,21.307949978970264,0.003159796105612872,0.9924324946443109,89.96597125178766,0.0031637260708714124,0.31622776601683794,0.9933191640391372
108.16238347080625,0.24266669989200976,3539.256707253607,252.97065101388156,1.4133294354930237,-2.3834671179955293,0.9986319804554051,363.8174033345285,0.13421336378620544,0.02750387840931946,0.9990404348078729
68.6124936334817,0.24669707534660454,6951.24549544267,158.89301394261523,1.259739301266163,2.076608000439533,0.9939079579951869,124.60728447855855,0.07693734868331162,0.06734150657750822,0.9943463245499913
101.48114554702656,0.14699503809392947,16060.233201525245,320.6297053622084,4.584840628863325,11.075273948093859,0.9970705771709848,50.02073332158297,0.8744179074176132,0.06734150657750822,0.9963406879690612
0.0,0.0,0.0,0.0,0.0,0.0,0.0,0.0,0.0,0.0,0.0
0.0,0.0,0.0,0.0,0.0,0.0,0.0,0.0,0.0,0.0,0.0
0.0,0.0,0.0,0.0,0.0,0.0,0.0,0.0,0.0,0.0,0.0
173.31870629252913,0.24990877707504205,14197.695375965504,398.26902701867334,1.0389482725396795,-36.45066188256169,0.9988977019448069,152.62437251821626,0.7430681115447891,0.044824468792893084,0.9979134355263042
189.71852264467583,0.2486778418439408,12480.292508829594,437.2476462412451,1.1568527729987605,-52.340284276582906,0.9974030614088965,190.9967641677131,0.7832255503433381,0.044824468792893084,0.9980850571756542
0.0,0.0,0.0,0.0,0.0,0.0,0.0,0.0,0.0,0.0,0.0
100.95041130944239,0.22890694213175483,4816.944468153085,244.51905824039557,1.8187633222725537,0.7964199064810202,0.999102222273387,460.36638438409034,0.0943244062014056,0.023371515179132774,0.9993409481948404
0.0,0.0,0.0,0.0,0.0,0.0,0.0,0.0,0.0,0.0,0.0
86.79786037089293,0.20508174426860634,10862.663670978269,224.57055799962586,2.4714902402796413,4.200395549060779,0.9983195456815341,96.1132728454366,0.2700492869914278,0.057223676593502144,0.9962473608555839
61.870371556830236,0.08514527802800423,22746.363937361086,271.26039097582594,9.640907833586684,4.653640830069996,0.9565051224194429,35.48091380178232,0.49881413469782077,0.1519911082952933,0.9902156484709718
0.0,0.0,0.0,0.0,0.0,0.0,0.0,0.0,0.0,0.0,0.0
52.50563058370916,0.2439713331009135,4100.1725011824565,122.4059698030703,1.3676736242735512,0.93542825729659,0.9930321860128977,320.2559228292678,0.012720200212936857,0.052749970637026196,0.9969850523278108
165.99615053449745,0.24460684430880963,10221.832475308662,386.3819713394276,1.3443256852248988,-34.03408280671931,0.9993043033042991,285.99349101232565,0.3693523398774296,0.057223676593502144,0.9965553963747964
0.0,0.0,0.0,0.0,0.0,0.0,0.0,0.0,0.0,0.0,0.0
139.0454995119724,0.21971586448497243,18128.91941112845,345.17559882596134,2.0677046371978167,-17.56704048744824,0.9984442387470647,92.7542719529511,0.8875723529373525,0.052749970637026196,0.9971597072545769
81.54341943652953,0.1774998510506279,22645.213368027285,230.07536697278363,3.3338544364705376,4.7792736362094015,0.9981778454678911,46.289717787715205,0.4949754044633884,0.08596930867190788,0.9922615212478089
0.0,0.0,0.0,0.0,0.0,0.0,0.0,0.0,0.0,0.0,0.0
0.0,0.0,0.0,0.0,0.0,0.0,0.0,0.0,0.0,0.0,0.0
192.77096768528304,0.24919890652458845,17364.75948260949,443.7250510865285,1.1200076762435578,-48.134201682180986,0.9986830947860499,77.08396614122478,1.6785172790083291,0.06734150657750822,0.9956003807599292
60.917589067602826,0.24558077949783888,1809.867935844281,141.45753399727568,1.3066838499195943,1.4816990955443332,0.9942266640970808,740.1360131928233,0.008816595281762223,0.02750387840931946,0.999110362924629
82.8001877995641,0.15249873274148903,9558.978184174528,255.90076310778917,4.326286419231346,5.937118405584169,0.9986270760846405,117.58411158738954,0.20629015307718923,0.052749970637026196,0.9974494931435163
200.938138873347,0.2415772463899292,16298.563016463007,471.22547341949434,1.449632860359557,-63.17172409713976,0.9938934950330229,146.50787832627253,1.6136197628531759,0.057223676593502144,0.9972127580286829
165.48279192559653,0.24635702453299127,21685.087332331088,383.54283086509815,1.2745731220116017,-37.920106508837506,0.9991329519671758,126.95583730044578,0.9546378159455021,0.057223676593502144,0.9965435565832299
0.0,0.0,0.0,0.0,0.0,0.0,0.0,0.0,0.0,0.0,0.0
133.11607677556216,0.24895232068038764,21195.615354069807,306.5919884326239,1.138433067638969,-17.705786886827525,0.9996458621284258,107.6186132696773,0.7819124352218758,0.052749970637026196,0.9966527712749841
85.27849503452418,0.1932116090735244,7028.58788821809,228.6754787905284,2.8212152611155648,4.018841561023066,0.9978723716915755,160.9147647590931,0.12347071594544046,0.04132012400115335,0.9981005754444774
112.57729196271247,0.2362826576628531,7025.087323989726,267.54182750315374,1.6117915913685716,-3.9271296624554424,0.9993597657153629,156.50451056143405,0.34924681765861804,0.04132012400115335,0.9979307496422143
0.0,0.0,0.0,0.0,0.0,0.0,0.0,0.0,0.0,0.0,0.0
41.926710887308005,0.08430257981011373,17051.690967472612,184.92101763020344,9.759569659191783,0.37809267686921255,0.9761199110529658,15.182294347037663,0.1569305200253373,0.31622776601683794,0.9649659046784791
126.04089729213497,0.17084494095198388,19895.88508935567,363.8733192834678,3.5734165995548066,7.625473757281242,0.9965823027413054,99.61915413864443,0.7084941820696938,0.044824468792893084,0.998314404247467
27.565032873371077,0.20638315177226635,9649.444495678972,71.04834574111014,2.4346140389021405,0.10315343366472782,0.9913054549115871,58.59640361268472,0.008064145131716606,0.21049041445120198,0.9741066171011756
0.0,0.0,0.0,0.0,0.0,0.0,0.0,0.0,0.0,0.0,0.0
88.63604411299504,0.0959730221196361,25035.518261480112,361.6769757473804,8.299099780265509,15.529474033058676,0.9637065154462046,20.6540512750618,2.098984665186969,0.1519911082952933,0.9898139452442021
87.02178339126219,0.2499992522179607,6083.787363613695,199.92391765995262,1.0034649682822367,3.4217588780432138,0.995573218030167,127.53575176432747,0.17520184200185054,0.052749970637026196,0.9962941389093598
219.2319668541151,0.23702062714189095,23481.288231394192,520.034545487026,1.5901840612004359,-70.29281947765125,0.9931285306069932,129.13090376229002,1.5687559730466714,0.057223676593502144,0.9974603716000808
0.0,0.0,0.0,0.0,0.0,0.0,0.0,0.0,0.0,0.0,0.0
0.0,0.0,0.0,0.0,0.0,0.0,0.0,0.0,0.0,0.0,0.0
103.18160848499718,0.24991486948152236,3664.3351852668115,237.09753333123993,1.037600328291306,3.0539884144227827,0.9977691894856707,420.48539771732504,0.08536964057980581,0.025353644939701114,0.9991524198837387
0.0,0.0,0.0,0.0,0.0,0.0,0.0,0.0,0.0,0.0,0.0
0.0,0.0,0.0,0.0,0.0,0.0,0.0,0.0,0.0,0.0,0.0
76.90529576706601,0.20505531354076215,5958.287695773249,198.99108967618628,2.4722417415431583,3.576734789006805,0.997294466664788,199.13106089247827,0.09089520455125805,0.04132012400115335,0.9980449094970452
33.7091114743255,0.2284245115220836,3738.1045702714187,81.75262048363157,1.8319463909279183,0.21029117856823765,0.9934115441264545,171.94900785328574,0.0055478033040967725,0.1519911082952933,0.9831408319434881
184.89090745989463,0.24926552660649035,19922.403943873385,425.518280293238,1.1146171986663544,-47.997758617318894,0.9976601201480222,130.33877043675292,1.089747512679131,0.062076795936247604,0.9962496555435256
0.0,0.0,0.0,0.0,0.0,0.0,0.0,0.0,0.0,0.0,0.0
123.2303931368314,0.21634743147118074,15783.804085313552,308.7640919681685,2.15902231668267,0.15432239178151974,0.9991382233469641,85.25703795538955,0.6348938862558684,0.04862601580065353,0.9974524134601187
0.0,0.0,0.0,0.0,0.0,0.0,0.0,0.0,0.0,0.0,0.0
0.0,0.0,0.0,0.0,0.0,0.0,0.0,0.0,0.0,0.0,0.0
0.0,0.0,0.0,0.0,0.0,0.0,0.0,0.0,0.0,0.0,0.0
153.58433878491834,0.24973511611538704,11449.190033369774,353.06865549066595,1.0672913836876408,-27.629888727603145,0.9997007457216143,148.24018037226958,0.6448489768991336,0.044824468792893084,0.9977090319859439
0.0,0.0,0.0,0.0,0.0,0.0,0.0,0.0,0.0,0.0,0.0
0.0,0.0,0.0,0.0,0.0,0.0,0.0,0.0,0.0,0.0,0.0
130.61650976291216,0.23982854614692944,11688.32900942296,307.6504465807371,1.5053465716776337,-10.17419170705385,0.9994794871918965,120.75079846961492,0.5751736412073376,0.044824468792893084,0.9976830994529036
0.0,0.0,0.0,0.0,0.0,0.0,0.0,0.0,0.0,0.0,0.0
0.0,0.0,0.0,0.0,0.0,0.0,0.0,0.0,0.0,0.0,0.0
0.0,0.0,0.0,0.0,0.0,0.0,0.0,0.0,0.0,0.0,0.0
212.28028508515575,0.2302860756915784,22071.63351410117,512.3291360140748,1.7809162194711217,-74.34877699342417,0.989840316728007,158.33360208564034,1.6376045239399184,0.31622776601683794,0.9569169277899376
190.74444053026804,0.23098778014627366,17512.34861604426,459.51372290588245,1.7615521741473181,-57.970042054409475,0.9931354424515634,155.36712858269493,1.561453620985981,0.057223676593502144,0.9972610674755944
87.12186621630973,0.19567769468866023,23156.263212373837,231.84747786994276,2.746321014428605,4.376273133071271,0.9980057553559405,64.11265825839266,0.44732857487093414,0.08596930867190788,0.9917472600818781
0.0,0.0,0.0,0.0,0.0,0.0,0.0,0.0,0.0,0.0,0.0
0.0,0.0,0.0,0.0,0.0,0.0,0.0,0.0,0.0,0.0,0.0
57.919202696351846,0.2494778117490669,4358.309270255189,133.23042681302087,1.0957833285465874,1.543503443217272,0.9923300711966073,350.438707893353,0.020873717183507428,0.04862601580065353,0.9972324603579895
0.0,0.0,0.0,0.0,0.0,0.0,0.0,0.0,0.0,0.0,0.0
102.64772381243155,0.24972159540692687,10536.230782648443,235.98025327864505,1.0690459697219963,2.556549878826246,0.9967708406499406,185.84720471008836,0.18059467415594796,0.044824468792893084,0.9973187402171619
0.0,0.0,0.0,0.0,0.0,0.0,0.0,0.0,0.0,0.0,0.0
71.5080345753423,0.21294700242524894,6900.335846135016,180.8805720488196,2.251943178678561,2.359471028291634,0.9965797935498231,80.52562482794913,0.13276821843976072,0.07305271542664449,0.993863314241421
237.1741707330384,0.24968350014338614,19093.81238483343,545.2974722492925,1.0737871847656777,-88.31401322525306,0.993060286691815,55.035930501905455,4.492633803346705,0.093260334688322,0.9932944280078929
93.7776370376921,0.21865033160375696,3716.6304572408094,233.4797401035211,2.0965348678307807,3.6232182933203028,0.9989233331080392,184.6563809044659,0.1556170674954248,0.03808974636954072,0.9982906766906374
0.0,0.0,0.0,0.0,0.0,0.0,0.0,0.0,0.0,0.0,0.0
130.2355054134214,0.2081089197762276,18413.387309997433,334.00654940047934,2.3860783407236865,-6.334964128095734,0.9990236541056113,55.542661139415515,1.1443332611763979,0.062076795936247604,0.9960862103653003
0.0,0.0,0.0,0.0,0.0,0.0,0.0,0.0,0.0,0.0,0.0
112.32025442386791,0.2486762998398808,19078.393860102165,258.86744693128753,1.1569513891625656,2.362860361632656,0.9985153710833297,36.550147338917796,1.1471725845550018,0.08596930867190788,0.9904758882529605
64.99555390828723,0.222469368708386,3782.9835324269507,160.1479986880468,1.9933270117106587,2.21873750409791,0.9955105967776844,248.15525670977632,0.040233252148323836,0.044824468792893084,0.99770259015109
143.3816207121141,0.15184854816003668,25365.251194610235,444.27011346074994,4.355937418541594,-8.745421851857287,0.9934542536847465,72.495365112385,1.9441835525841107,0.06734150657750822,0.9970685144901943
118.76438148443872,0.222676852120731,8657.82851833836,292.46989376658416,1.9877247855324696,-9.169181637616987,0.9992606371755239,229.11378360686567,0.2947226510433925,0.03236689285040602,0.9988275889856043
0.0,0.0,0.0,0.0,0.0,0.0,0.0,0.0,0.0,0.0,0.0
0.0,0.0,0.0,0.0,0.0,0.0,0.0,0.0,0.0,0.0,0.0
48.46404215133776,0.18527092587912866,919.7304135709319,133.2708815869972,3.0719777694343477,0.739642026191369,0.9917045987389815,807.8304407606101,0.003797886954900258,0.021544346900318822,0.9995663647529993
65.02338826696003,0.10618493014885108,14145.798743911137,249.7076598971965,7.280172834694216,2.9362337633819573,0.9859127514614782,70.78656896703062,0.14844989534921854,0.093260334688322,0.994715416407728
61.2967311133736,0.16022463049306054,6562.042313861373,183.9076298981682,3.990652058215994,2.2411256015845074,0.9957911266157191,155.95782217872045,0.056748755938529016,0.057223676593502144,0.996890691437962
143.60693159621954,0.2264670478825965,13601.39955263207,350.08410400741536,1.8852079964059687,-12.848504554036992,0.997918064686054,116.47131104980298,0.6553085498197786,0.044824468792893084,0.997943422853566
102.56419549759424,0.20899988990719848,11989.433968649704,262.3663559878779,2.3611732498026745,2.3364180345859324,0.9991255233017913,194.81291966979663,0.19876658621345294,0.04132012400115335,0.9980736229217774
74.49821420168902,0.24074108415805076,5341.931194811048,175.07161384942452,1.4766161641453477,2.659763470577916,0.9968046138761887,231.23290222869315,0.05526806106292482,0.044824468792893084,0.9975171228172295
135.7487626462698,0.2393197537276993,20137.639700293847,320.1464948792353,1.521084313240263,-9.950796157657564,0.9994648108687167,71.2962052813989,0.9383762138004326,0.057223676593502144,0.9962853681049355
118.3301176360992,0.2427255039882295,10891.294067712777,276.7107613906206,1.411327390186604,0.42799225499342697,0.9992176223364583,91.02673795868441,0.49929523702230866,0.04862601580065353,0.9970762726866591
0.0,0.0,0.0,0.0,0.0,0.0,0.0,0.0,0.0,0.0,0.0
173.1094545816566,0.24945797093215893,19503.749451119842,398.21934779135984,1.0976740722104492,-33.54541037127325,0.9988170950791196,145.566220278621,0.7455169593330714,0.052749970637026196,0.997120200555816
69.20785474777514,0.21091353479000302,6381.13606095339,176.0729810998295,2.3080047370012715,2.1852421148595704,0.9958004552383333,73.42920194330586,0.13448849172708024,0.07305271542664449,0.993916340043263
0.0,0.0,0.0,0.0,0.0,0.0,0.0,0.0,0.0,0.0,0.0
59.506709372698474,0.23643244870180707,3221.2612513596487,141.36493148049917,1.6074248079613858,1.4888048317357705,0.9953981814227996,156.32923319176214,0.04093485418854562,0.2687156307025227,0.9554678722849429
70.55849334325269,0.174220136071614,4043.2437123100044,201.3215611324114,3.4500104537762866,3.1766507095136287,0.9968698540905867,193.23483479263234,0.06933145985789019,0.04132012400115335,0.9982334295356797
0.0,0.0,0.0,0.0,0.0,0.0,0.0,0.0,0.0,0.0,0.0
161.45930783349527,0.197386622513605,23366.788544409428,427.43733834198605,2.695164606332515,-26.06166451094498,0.994969446345144,67.90527216544099,1.6402763641592946,0.0792482898353917,0.9948949681147014
171.76998810627524,0.24981167327642934,11768.472277959832,394.8022768114072,1.0564420055866366,-41.537267440846875,0.9995988350600623,148.75394544352253,0.8510434621735754,0.04862601580065353,0.9974694791204288
211.66587999567415,0.24008664706562857,20639.00706410337,498.23020461291793,1.497289330529927,-67.99435193091458,0.9922849468415293,201.11075386455252,1.0583172061127957,0.04862601580065353,0.9981052042067283
181.49707915114973,0.24520504763130957,11371.576046039085,421.84411681486677,1.3215084684373075,-35.450532802831106,0.998436175106898,110.28837168712408,1.0199834864969268,0.04862601580065353,0.9976750039417692
78.80641987596455,0.16357762635488668,21292.73452791198,233.5217072567685,3.8538228772870498,4.789320504539036,0.9983299746398525,56.35899982637096,0.36260803950948317,0.0792482898353917,0.9938193151885791
55.91841953200907,0.13213687883148653,10592.01517835143,188.33908732917268,5.382109185193356,1.5735708429610553,0.9979944734454705,99.15580212796891,0.06081578506994133,0.0792482898353917,0.9951134878425089
71.27660870563481,0.19502206630038108,9219.935083839673,190.0626481148466,2.766105814045387,2.5584372144005973,0.9954135536446376,127.49269533647617,0.08812222665279482,0.07305271542664449,0.9940719791992496
177.02855093548052,0.24626703974535347,18338.835072042602,410.39261822719084,1.2784127214236407,-37.587661637434735,0.9985590563748081,70.75464240458376,1.528331774809566,0.062076795936247604,0.996131814930363
102.48766707609283,0.1385434239396889,14984.744426751384,335.5212703896985,5.018698721869593,11.765113853192076,0.9934085828763101,89.43404339551122,0.6978433039980756,0.07305271542664449,0.9960589295935656
0.0,0.0,0.0,0.0,0.0,0.0,0.0,0.0,0.0,0.0,0.0
73.47296816353354,0.16917952586892884,5142.408915604102,213.36289859852158,3.635841220340215,3.9715813538447193,0.9976139783939062,427.92811484191185,0.039390676285784174,0.025353644939701114,0.9993469685539759
130.33244346468126,0.24992276767730595,15622.510731160939,299.48084129388,1.0357816815161929,-12.762638567938922,0.9991704058962071,103.34830573971932,0.690062847587107,0.052749970637026196,0.9965346511595424
137.80558108279897,0.24193081407136122,10708.764480316506,322.8881410379097,1.438005468044349,-15.274666097053512,0.9991766745416265,157.45180906503404,0.5075909323010044,0.04132012400115335,0.9980774133309958
0.0,0.0,0.0,0.0,0.0,0.0,0.0,0.0,0.0,0.0,0.0
138.14237225059892,0.22345674496176943,9982.03112176561,339.47736982616345,1.9666636766683394,-10.653482681620318,0.9988087049835672,276.61092236568044,0.25392753168571114,0.02750387840931946,0.9992091088834616
139.33736940085035,0.20824975352800426,14554.52571184168,357.20449014346923,2.382134953879886,-11.261683218089786,0.9975964630822115,146.28328315695563,0.5215415363892462,0.093260334688322,0.991632625086306
0.0,0.0,0.0,0.0,0.0,0.0,0.0,0.0,0.0,0.0,0.0
95.87458001105476,0.1545871111887823,19918.628915476937,293.89994554218765,4.232582211014052,7.800481133872161,0.9984524641432204,76.53487604478502,0.536588319866213,0.057223676593502144,0.997106036632544
0.0,0.0,0.0,0.0,0.0,0.0,0.0,0.0,0.0,0.0,0.0
25.96783338673494,0.06449922167245309,3016.60029668443,134.49403761517527,13.429600680141013,0.03353684206045915,0.9861479667966534,89.88497963660166,0.00616568851271493,0.21049041445120198,0.992506662228093
0.0,0.0,0.0,0.0,0.0,0.0,0.0,0.0,0.0,0.0,0.0
269.83240181376084,0.24983018613600078,19227.350018681,620.164856741549,1.053519924075103,-110.91489676638162,0.9886208824117186,248.274716819771,2.3059195887139916,0.044824468792893084,0.9986802940277696
0.0,0.0,0.0,0.0,0.0,0.0,0.0,0.0,0.0,0.0,0.0
164.28434305098102,0.19953955139920976,18798.417127486595,432.09454195791733,2.6315308294306923,-25.97304653070755,0.9962483912824405,146.12009723448796,0.7628371878332285,0.062076795936247604,0.9968439601182086
136.0998033381604,0.22446764150707055,10695.394302276016,333.5533076079429,1.9393478545348881,-17.174499547356902,0.9990232813833573,213.68945873068486,0.36259510703734865,0.03511191734215131,0.9986920622257133
160.69582994729694,0.23899062287145065,10810.169120817018,379.2941026937756,1.5311686782191687,-28.87946239440545,0.9974195486531403,100.14035593163123,1.0358929636008618,0.052749970637026196,0.9971985764471363
0.0,0.0,0.0,0.0,0.0,0.0,0.0,0.0,0.0,0.0,0.0
0.0,0.0,0.0,0.0,0.0,0.0,0.0,0.0,0.0,0.0,0.0
0.0,0.0,0.0,0.0,0.0,0.0,0.0,0.0,0.0,0.0,0.0
64.21622899430967,0.24999732113386003,2348.883120227634,147.53110174036092,1.006568398153011,1.6595557113241162,0.9930629710079545,774.4581361296634,0.009563102268430832,0.025353644939701114,0.9992085227454414
94.86658491779457,0.22041873459580014,4078.1917466797922,235.05211530928187,2.0487065976591414,3.1689196199061946,0.9987206793266257,302.20407554398463,0.10004396663552567,0.029836472402833374,0.9989409583354852
13.100103186363576,0.18511025718858368,9053.236943408336,36.042626050619425,3.0772168070578916,0.010490278484822979,0.9935240635550832,19.580342617001246,0.0040377690813412056,0.31622776601683794,0.9968623141374788
113.30188265371541,0.24920473702812998,14258.342054770445,260.7974557430845,1.1195440086682453,-1.4762990458180738,0.9989996230794707,81.34949985804903,0.6745016775833098,0.062076795936247604,0.9950777899427744
80.87128773662448,0.17664794946701778,5667.5192104681055,228.83855579483267,3.3636840348025427,4.129917962575298,0.9977500107936964,129.2067815670304,0.13950694215687126,0.04862601580065353,0.9975181444832653
158.53313890478864,0.23973436689775565,12376.479447330734,373.4924961131434,1.508273921719013,-23.48173468054631,0.9982763979274365,112.91352698021416,0.8059080540270662,0.052749970637026196,0.997131374174274
25.461550611196238,0.16963030917918887,6890.702377806047,73.82148487288198,3.618841351004565,0.08336456096844469,0.9905993351521689,86.6539579907144,0.004838784668462901,0.1401085525598016,0.9897238446444617
99.51501451262774,0.19481577603060632,8551.743209843378,265.5303310942188,2.772349659978721,2.89701430619526,0.9990150734270014,143.23520070607248,0.2838545136406882,0.04862601580065353,0.9974431712414341
0.0,0.0,0.0,0.0,0.0,0.0,0.0,0.0,0.0,0.0,0.0
124.09561484272946,0.19060481024621692,22767.87280651738,335.4873283757126,2.901849500224766,-5.779932522481566,0.9980176624156911,84.92090782636095,0.8575606612074455,0.062076795936247604,0.996326826638283
19.983695669719374,0.1260777552517815,3127.014483278077,69.22974413980086,5.757940075789444,0.03248879048531042,0.9965723430983868,121.77553870010419,0.0015030182354381617,0.1401085525598016,0.9934766619663784
33.65905277509791,0.2413730152077316,16460.859597460392,78.97482288990835,1.4562876788130932,0.2082682378709545,0.9932011956334708,34.68993352145636,0.027744896711194112,0.21049041445120198,0.9677647709764184
49.691844461993306,0.18163651374124024,7656.136901800944,138.28122640431403,3.192241442648572,0.7333701482702207,0.9922678285788908,78.78676245686835,0.039087837862677485,0.093260334688322,0.991879238885725
0.0,0.0,0.0,0.0,0.0,0.0,0.0,0.0,0.0,0.0,0.0
83.60496068312688,0.17715651595414242,8203.009506792068,236.16621462364535,3.345848169269411,4.671038211613727,0.9983790467089443,86.97437613643143,0.25214354008225903,0.10116970998767491,0.9893434236904597
118.31923778195203,0.24701200152465835,9249.713897996075,273.79438062530664,1.2454884139441742,-4.689555549238577,0.9993365207329988,232.02473395718226,0.2554480339992155,0.08596930867190788,0.9907844944019415
0.0,0.0,0.0,0.0,0.0,0.0,0.0,0.0,0.0,0.0,0.0
120.92067216979662,0.16337031789684497,17667.630607041476,358.58874987871724,3.8621390791342067,-2.0174227968059597,0.9969518569936295,109.19815766684424,0.7436704910983365,0.04862601580065353,0.9980584568951979
104.96979270154628,0.24860406934421117,8629.749046508026,241.9688161109864,1.161517938193383,-1.2128342824107534,0.9975697652350048,195.48353678817733,0.25045782666382443,0.04132012400115335,0.997752367012582
106.07952408813006,0.2208624218411033,24224.61062861238,262.5176238438232,2.0367199793444475,0.5984261975329943,0.9992825977370698,49.20542618740487,0.9215159796978906,0.08596930867190788,0.9914435617714564
54.11002023781039,0.09674306398883765,7446.367731204429,219.73831684247781,8.214928746920066,1.5811804176914772,0.9832497335947039,122.44459143037999,0.05398421691991868,0.31622776601683794,0.9627789575326176
93.05084586779738,0.2498468021575949,3536.1687644303897,213.85334528878633,1.0507659380617538,2.428504897760334,0.9967993820470608,519.3754274598402,0.07685147723686342,0.029836472402833374,0.9988180127578223
163.12627206285674,0.24952072285006535,10512.91687774347,375.1975029906168,1.0915793822787925,-27.94094413154403,0.9995342784100896,204.1361085640461,0.46659325895891046,0.03511191734215131,0.9986523495304832
0.0,0.0,0.0,0.0,0.0,0.0,0.0,0.0,0.0,0.0,0.0
25.81401467541834,0.22969683321666937,5554.215522035983,62.396833101671675,1.7971181504237992,0.08124582724752283,0.9938691419819845,93.57456615502618,0.004433131547788018,0.31622776601683794,0.9898291577830189
0.0,0.0,0.0,0.0,0.0,0.0,0.0,0.0,0.0,0.0,0.0
0.0,0.0,0.0,0.0,0.0,0.0,0.0,0.0,0.0,0.0,0.0
101.118834103135,0.2239504260323047,19349.528016464803,248.16522120607573,1.9533268403482373,2.2591920164860966,0.9990949222220903,50.87264394400798,0.7650781843567035,0.07305271542664449,0.9936710825005949
0.0,0.0,0.0,0.0,0.0,0.0,0.0,0.0,0.0,0.0,0.0
12.46976246158822,0.17826043754699836,23087.588114674323,35.093380051532044,3.3074191419160393,0.007551235850249516,0.993610045063445,6.629137667361687,0.0073031947136002725,0.31622776601683794,0.9971459042444314
0.0,0.0,0.0,0.0,0.0,0.0,0.0,0.0,0.0,0.0,0.0
39.23487076853832,0.17279636751895375,3925.0556347838947,112.49972512129419,3.501572733694538,0.3654557398832313,0.9911099183034642,142.67531923301962,0.010898051204220393,0.0792482898353917,0.995097907728099
164.16421487295293,0.23381574135101965,15022.310206537482,392.6035717209104,1.6825284050312168,-33.70808168726845,0.9977888969194375,163.70715307003695,0.6346502537509001,0.044824468792893084,0.9980296526044309
155.26054639586098,0.24949406119358225,7429.49069901325,357.1288890391713,1.0942105035462164,-23.33849296996874,0.9994646942943379,324.7189251532564,0.27609009535985113,0.04132012400115335,0.9980990842564988
0.0,0.0,0.0,0.0,0.0,0.0,0.0,0.0,0.0,0.0,0.0
118.49639335483256,0.2478977380223588,6646.115011551186,273.6160655148388,1.2019177539142167,0.04274268399886694,0.9992936671164643,257.42409867595603,0.2024504324658819,0.04862601580065353,0.9970333915510783
103.66100296551072,0.22944063115689448,4383.682923056465,250.73398857741938,1.8041475587538505,1.6633115975246398,0.9992884390957859,530.8487225153128,0.07525536930782892,0.03808974636954072,0.9982625415416179
175.415812614411,0.22349252988221185,17117.80627086764,431.0334084522016,1.9656971039613624,-42.82413586902351,0.9959272242133843,182.03519709055612,0.8503485671331974,0.044824468792893084,0.9982330074549153
108.38594886838156,0.1796650800065916,17398.11315706753,303.59511476443663,3.259076472135799,5.788661149898669,0.9990067719451495,44.575775626067816,1.0215361328043213,0.07305271542664449,0.9947907524384368
122.89660880399155,0.2475493628058384,11193.170289298394,284.0160031707763,1.2197750972545882,-4.4078397348539795,0.999272345095908,79.78880639288072,0.6922587578367548,0.057223676593502144,0.9959187189807077
133.26708795363905,0.19622585603292808,13821.597076252281,354.0537254793599,2.7298475417890007,0.29970971314472195,0.9986510919228011,84.7064446418503,0.7986309689009167,0.04862601580065353,0.9977614135720848
176.32921124696836,0.2484812930692554,20132.581261039762,406.581904449516,1.1690590222313382,-42.276073976496605,0.9982589662603572,71.50991920652507,1.7148017067109034,0.0792482898353917,0.9936752534961832
0.0,0.0,0.0,0.0,0.0,0.0,0.0,0.0,0.0,0.0,0.0
0.0,0.0,0.0,0.0,0.0,0.0,0.0,0.0,0.0,0.0,0.0
0.0,0.0,0.0,0.0,0.0,0.0,0.0,0.0,0.0,0.0,0.0
119.32497114671796,0.1678785566061909,16236.516826599354,348.1241900536969,3.6853416426506933,2.4674053669305067,0.9984394514351715,56.64474160337609,1.169047478664757,0.062076795936247604,0.996685070774494
149.67691921143924,0.16287983059383507,21941.217330871204,444.66653898488397,3.881889041161796,-10.317062590905437,0.9949647783562812,58.57353072852329,2.09352016677602,0.06734150657750822,0.9968802789733554
53.98426210823078,0.1594687457748347,7361.191637068867,162.42834618564396,4.022201165715669,1.1108858444505514,0.9951422526900104,119.37415722669829,0.037367086940058025,0.093260334688322,0.9921666390171777
81.98392237062146,0.23349061445552005,21620.86457925031,196.23073731353307,1.6917092802245643,3.0098869537478805,0.9972423522542381,44.69054381968432,0.3723635939247292,0.08596930867190788,0.9908692379657944
120.43553140328879,0.24643938361583606,10783.00407390888,279.07990399233336,1.2710286498712344,-8.390820624468319,0.9993327166101372,160.86659172170926,0.40277582169735227,0.044824468792893084,0.9975005364985711
127.4239599065307,0.15616499576123002,19022.522957531906,388.24053888398043,4.163288954780621,-0.9406176403456072,0.9941202958071036,40.196251790468615,2.3818848052678647,0.0792482898353917,0.9953471525497575
0.0,0.0,0.0,0.0,0.0,0.0,0.0,0.0,0.0,0.0,0.0
218.9287476149003,0.2311334208471931,22308.574891201988,527.2118272292486,1.757522751510835,-81.26858857211285,0.988858521363328,203.0074053247855,1.2360767166405207,0.10974987654930557,0.9912851514654917
104.20424222510393,0.2495595473408329,3610.054118206497,239.65190535929634,1.0876258575584263,3.5390434677395106,0.9982181130005193,689.4276851390825,0.05260848695677251,0.019860025325859117,0.9994842351398673
13.684640009282159,0.24455308875608864,14150.638090999086,31.85733818253645,1.3463338596907524,0.009675322274883342,0.9964044346416289,23.326579687034485,0.0032152648567318285,0.31622776601683794,0.9956189747890664
49.11426345196705,0.11709676540875877,9908.906671614119,177.86098630473532,6.383286429711437,0.7843992347335218,0.9973729195103306,63.9413306341902,0.05261106759202667,0.31622776601683794,0.9744090094198724
125.39532812258823,0.2447396976168145,5947.228246619729,291.7821396984258,1.3393341891845068,-8.19415407300638,0.999607572583553,502.7661874864881,0.13019231990478264,0.04132012400115335,0.9979436055777936
105.3973956993416,0.2254894795172264,4762.855894074772,257.6048939129722,1.9117028549323922,0.2756680985116873,0.9993345182681364,454.6477829932837,0.10442605622292739,0.023371515179132774,0.9993580545196179
0.0,0.0,0.0,0.0,0.0,0.0,0.0,0.0,0.0,0.0,0.0
40.87600812503326,0.24286912064085206,2714.656358424608,95.55316936871105,1.4064176321591304,0.44661878473263394,0.9931190279850777,342.51189583727165,0.005850792156355697,0.062076795936247604,0.9965318208545717
270.4247898469457,0.24835115565270588,25681.842380892525,623.7445869956352,1.176780546920541,-116.78571145662283,0.9889656299315605,72.68187027611181,5.387856229504444,0.08596930867190788,0.995171146091442
91.72566913347033,0.24984133036704664,18781.05033529822,210.81053883639052,1.0516878161935155,3.7811261529503852,0.9969275671541484,59.011251295138486,0.46001571354384496,0.093260334688322,0.9885334665834736
0.0,0.0,0.0,0.0,0.0,0.0,0.0,0.0,0.0,0.0,0.0
96.9188041734897,0.1431038740909079,15071.965130505369,311.1839665760909,4.778667664975932,10.341417117412597,0.9974294946330096,62.93100724203932,0.6176418085405262,0.062076795936247604,0.9969111764673719
0.0,0.0,0.0,0.0,0.0,0.0,0.0,0.0,0.0,0.0,0.0
0.0,0.0,0.0,0.0,0.0,0.0,0.0,0.0,0.0,0.0,0.0
0.0,0.0,0.0,0.0,0.0,0.0,0.0,0.0,0.0,0.0,0.0
0.0,0.0,0.0,0.0,0.0,0.0,0.0,0.0,0.0,0.0,0.0
0.0,0.0,0.0,0.0,0.0,0.0,0.0,0.0,0.0,0.0,0.0
231.41566689271644,0.24266669989200976,19826.923042993483,541.2359642061951,1.413329435493024,-87.20273256815972,0.9893930839847366,114.28808211799486,3.1963227650164705,0.06734150657750822,0.9966732348960048
91.87009081003099,0.24669707534660454,13085.933455144328,212.75302568021294,1.2597393012661628,3.5819507402812043,0.9966557601409263,81.7539379472853,0.3134980862427976,0.06734150657750822,0.9940400736815695
92.17872991301996,0.14699503809392947,13408.670950536085,291.2387207826524,4.584840628863325,8.64732844238392,0.9972795658482602,56.6841383992075,0.5592898584016525,0.06734150657750822,0.996165176951932
0.0,0.0,0.0,0.0,0.0,0.0,0.0,0.0,0.0,0.0,0.0
0.0,0.0,0.0,0.0,0.0,0.0,0.0,0.0,0.0,0.0,0.0
0.0,0.0,0.0,0.0,0.0,0.0,0.0,0.0,0.0,0.0,0.0
110.42177734249648,0.24990877707504205,5139.1250956526,253.73818420755376,1.0389482725396797,-0.08672827315744769,0.9985638005711824,301.2457255687181,0.16039892435136396,0.029836472402833374,0.9988451422706792
189.03065321773835,0.2486778418439408,12390.904386107073,435.66230136475644,1.1568527729987603,-51.99534915105869,0.9970491243706588,191.65686282880114,0.7816614591767405,0.044824468792893084,0.9980927920795915
0.0,0.0,0.0,0.0,0.0,0.0,0.0,0.0,0.0,0.0,0.0
147.22778928585933,0.22890694213175483,11755.422567881285,356.6107350731167,1.8187633222725539,-23.87603184242954,0.9976125791580932,250.21683034120363,0.38377557297368275,0.03511191734215131,0.9987468361629322
0.0,0.0,0.0,0.0,0.0,0.0,0.0,0.0,0.0,0.0,0.0
102.78971564958657,0.20508174426860634,15129.727714618628,265.9460002978534,2.4714902402796413,2.439715043971031,0.9991255180573988,77.66313558582634,0.5470917287708503,0.057223676593502144,0.9963613721769151
50.47413946248473,0.08514527802800423,15970.284403071752,221.2954999338528,9.640907833586684,1.591114795556427,0.9665203746176902,46.33010435307977,0.1678785224790824,0.1648814192907418,0.9885031073770236
0.0,0.0,0.0,0.0,0.0,0.0,0.0,0.0,0.0,0.0,0.0
0.0,0.0,0.0,0.0,0.0,0.0,0.0,0.0,0.0,0.0,0.0
0.0,0.0,0.0,0.0,0.0,0.0,0.0,0.0,0.0,0.0,0.0
9.09524878208628,0.05988569729765022,954.9650623269545,49.25164226476103,14.630125907694632,-0.00018707500899213265,0.9901403060042255,311.4988029508786,6.212969114437692e-05,0.00458792343496709,0.9999301872754438
97.01245681409384,0.21971586448497243,8940.343222298246,240.83003759139464,2.0677046371978167,2.766034531750524,0.9989593586273899,144.2883236765712,0.26345106558088033,0.044824468792893084,0.9976297717218485
49.32343569026982,0.1774998510506279,8693.971668462164,139.16644218765293,3.333854436470537,0.9506100244274504,0.9925934518219393,86.79351359618721,0.045224919146544855,0.093260334688322,0.9920079837881531
0.0,0.0,0.0,0.0,0.0,0.0,0.0,0.0,0.0,0.0,0.0
0.0,0.0,0.0,0.0,0.0,0.0,0.0,0.0,0.0,0.0,0.0
144.5009005436228,0.24919890652458845,9913.802943187024,332.61579918221,1.1200076762435578,-14.396957688527564,0.9996812779651673,109.23929866876514,0.6954705177044493,0.04862601580065353,0.9972257145539143
80.85760333870057,0.24558077949783888,4923.910870767335,187.7605031369401,1.306683849919594,3.0985180781230817,0.995654756709693,334.50236793381595,0.05154686295993182,0.03236689285040602,0.9986425730357811
128.09849148894358,0.15249873274148903,21782.19756862997,395.89888134468544,4.326286419231346,3.891492997233229,0.9926664053747706,67.33963109672709,1.3016222824809907,0.057223676593502144,0.9976638471605566
94.71201295564582,0.2415772463899292,2454.376338925004,222.11170758214595,1.449632860359557,2.2351696836048163,0.9984089424087503,549.7434423175537,0.0705870843877484,0.023371515179132774,0.9993058714856432
138.4847696516091,0.24635702453299127,15876.844894487958,320.9689658110216,1.2745731220116017,-20.391159701959538,0.9996589953948088,151.08768630211358,0.540542392739106,0.04862601580065353,0.9972150806547435
0.0,0.0,0.0,0.0,0.0,0.0,0.0,0.0,0.0,0.0,0.0
65.05591180584439,0.24895232068038764,4580.486120865161,149.83630710120897,1.138433067638969,2.4756728024545804,0.9937919995879899,288.7123443380563,0.042192975069425924,0.04862601580065353,0.9970980807552373
166.83345656682278,0.1932116090735244,25683.04228197242,447.36625034543664,2.8212152611155648,-17.940021511732297,0.9933145723982217,68.0922369595912,1.7750939240466512,0.057223676593502144,0.9974874454741113
146.2963679372913,0.2362826576628531,12445.588987518795,347.6757785929037,1.6117915913685719,-23.542934139789054,0.9992663524397143,107.93965021237672,0.8287920645412957,0.052749970637026196,0.9969949099195463
0.0,0.0,0.0,0.0,0.0,0.0,0.0,0.0,0.0,0.0,0.0
36.70797471195159,0.08430257981011373,13313.625268020258,161.90337603927665,9.759569659191783,0.21227778062505848,0.9824192564736863,18.160935838506372,0.08150286969144122,0.31622776601683794,0.9707525929293253
71.16649163494749,0.17084494095198388,6135.069285864413,205.4538494195835,3.573416599554807,2.647872204354095,0.9964679504626879,228.97212721103227,0.04707769218709217,0.03808974636954072,0.9985136645635064
34.755177278242066,0.20638315177226635,15317.824165308482,89.58080561346104,2.434614038902141,0.22582723630842816,0.9915246728337153,43.68375412525606,0.0224405843438846,0.22834203047182716,0.9645929097689566
0.0,0.0,0.0,0.0,0.0,0.0,0.0,0.0,0.0,0.0,0.0
67.79063249792493,0.0959730221196361,15798.785324344048,276.6178386142226,8.299099780265509,4.00931250986198,0.974715353761536,28.88924424154965,0.4957371114334794,0.1519911082952933,0.9881586059831697
128.76237351775436,0.2499992522179607,14313.293982739418,295.8187841901709,1.0034649682822367,-6.701017641952703,0.9995626730419864,72.03198696323517,0.9019979216459887,0.062076795936247604,0.9952720016889653
114.12893636962521,0.23702062714189095,6414.545123989412,270.72233307741135,1.5901840612004359,-0.08295913766043128,0.9994634301531913,295.8361731446587,0.15698321858325048,0.02750387840931946,0.9990877318646934
0.0,0.0,0.0,0.0,0.0,0.0,0.0,0.0,0.0,0.0,0.0
0.0,0.0,0.0,0.0,0.0,0.0,0.0,0.0,0.0,0.0,0.0
85.25587067036933,0.24991486948152236,1759.197764078204,195.9065858223263,1.037600328291306,3.299585431262649,0.9950381914253251,764.4125772472461,0.0255907967339123,0.019860025325859117,0.9994736351813578
0.0,0.0,0.0,0.0,0.0,0.0,0.0,0.0,0.0,0.0,0.0
0.0,0.0,0.0,0.0,0.0,0.0,0.0,0.0,0.0,0.0,0.0
67.5603473223511,0.20505531354076215,4144.542032050055,174.81120121162698,2.4722417415431583,2.5071143994940286,0.9950157748688864,261.7907218393485,0.04400489700886385,0.03808974636954072,0.9983678787264046
64.05032846703564,0.2284245115220836,16573.179054185046,155.337295051687,1.8319463909279183,1.8446127894832194,0.9959299811030978,61.731670415564544,0.13021097403353094,0.1291549665014884,0.98106944442773
170.8260534807171,0.24926552660649035,17347.35854915759,393.1486383242659,1.1146171986663544,-36.83099510503759,0.9994227977777203,141.55067219702946,0.7872583599273757,0.057223676593502144,0.9965243583997989
0.0,0.0,0.0,0.0,0.0,0.0,0.0,0.0,0.0,0.0,0.0
59.851877245626554,0.21634743147118074,2575.219261003183,149.96390143636398,2.15902231668267,1.2930908533558991,0.9950560734654603,321.8180516708012,0.017412910030891432,0.03808974636954072,0.9984129465400362
0.0,0.0,0.0,0.0,0.0,0.0,0.0,0.0,0.0,0.0,0.0
139.71791954022854,0.2422100121432194,8258.848481367444,327.14241496402497,1.4287225067931721,-17.896450545351,0.9995930104925577,340.13662414772585,0.23263752525129683,0.03236689285040602,0.9988029889368272
0.0,0.0,0.0,0.0,0.0,0.0,0.0,0.0,0.0,0.0,0.0
162.49640191311275,0.24973511611538704,12813.752402560158,373.55622714812534,1.0672913836876403,-33.9500656832669,0.9994093737184429,138.20550425989177,0.796944246864536,0.04862601580065353,0.9974249033777683
0.0,0.0,0.0,0.0,0.0,0.0,0.0,0.0,0.0,0.0,0.0
184.7029921437639,0.2482867894347522,11352.011343541679,426.09041360250893,1.1805064582716995,-43.68720505603309,0.9975550100106814,319.8914499818297,0.39104411449986276,0.31622776601683794,0.9586950774286849
161.7193029784536,0.23982854614692944,17508.813968877166,380.90908930544606,1.5053465716776335,-29.644792686368277,0.9978971277912867,94.66720882256321,1.0931914767084179,0.057223676593502144,0.9966791028959461
0.0,0.0,0.0,0.0,0.0,0.0,0.0,0.0,0.0,0.0,0.0
