Mc,eta,DL,z,m1,m2,M_tot,q,full_faith,snr,inspiral_t,eta_full_bias,eta_stat_err,eta_max_lam,eta_min_faith
4.097672366833954,0.16733093717350503,1000.0,0.19781979248496245,9.4330977677748,2.5451001570748217,11.978197924849622,3.706375853835399,0.9980879391027595,143.55989028970197,856.3125223435826,0.0005503420128830894,5.0115230409699726e-05,0.28501752781588174,0.9992469427334146
5.21361064144,0.2499837905509883,1000.0,0.19781979248496245,6.037324337192861,5.940873587656761,11.978197924849622,1.0162351122462012,0.9987182430073931,177.3462427223897,574.905670141817,0.0012836690803254658,8.056320541762503e-05,0.23182441700960219,0.9976216028348724
5.20895130086986,0.24961155568164684,1000.0,0.19781979248496245,6.225177155125852,5.753020769723773,11.978197924849624,1.082071037860124,0.9987311420727354,177.20536226336912,575.7552385367401,0.0012774505975896924,8.042355613200869e-05,0.23182441700960219,0.9976212977977261
5.213307169478112,0.24995953941147736,1000.0,0.19781979248496245,6.065290648220656,5.912907276628967,11.978197924849624,1.0257713108734159,0.9987190969910532,177.33706684979862,574.9609425498076,0.0012829817853935643,8.055421749987652e-05,0.23182441700960219,0.9976215795068698
4.625572235372966,0.2047811468538125,1000.0,0.19781979248496245,8.536229817116427,3.4419681077331945,11.97819792484962,2.4800432630208773,0.9986214659489328,159.56702051888277,700.6602206058325,0.0007775277717599802,6.379572179141235e-05,0.2845602804450541,0.9989536910819062
5.209719766022722,0.24967293310801592,1000.0,0.19781979248496245,6.205724561612842,5.772473363236779,11.97819792484962,1.0750546899246542,0.99872904573325,177.22859756203368,575.6149796521889,0.0012775401185987374,8.044707979044976e-05,0.23182441700960219,0.9976213403155955
3.8975133705392455,0.15393128018089228,1000.0,0.19781979248496245,9.701735947044233,2.2764619778053916,11.978197924849624,4.261760592371997,0.9979896706829852,137.46354241384407,930.4027579213681,0.0004946135376988806,4.5280081407672514e-05,0.2674897119341564,0.9991238049617993
5.1253016046711615,0.24296659653224334,1000.0,0.19781979248496245,6.9936551905996245,4.984542734250001,11.978197924849624,1.4030685588358036,0.9988892261065111,174.67637447642943,591.3593661472505,0.0011694757325930666,7.79391831824477e-05,0.242798353909465,0.9978758537096472
4.864548877795615,0.22271620139552392,1000.0,0.19781979248496245,7.967634715350233,4.01056320949939,11.978197924849622,1.986662296327397,0.9988759156385262,166.79415723442924,644.6555127152373,0.0009298186125700455,7.041327749113823e-05,0.27023319615912206,0.9985587828343394
4.901645101835954,0.22555405060540512,1000.0,0.19781979248496245,7.861914221468475,4.116283703381147,11.978197924849622,1.9099544122798529,0.9989041518336557,167.9155889328632,636.6100894187546,0.0009576100097681791,7.14643069381146e-05,0.2674897119341564,0.9984845949020519
4.221749294036744,0.17586048129754844,1000.0,0.19781979248496245,9.250591327175245,2.727606597674378,11.978197924849622,3.391468305972906,0.998203336095287,147.33007049419618,815.0314961746167,0.0005929397256151778,5.321206871743819e-05,0.2908093278463649,0.9992598512366441
3.3086564492587374,0.1171566603812036,1000.0,0.19781979248496245,10.35487424274203,1.623323682107594,11.978197924849624,6.3788105581618115,0.99749703987616,119.38518489244763,1220.8233311026793,0.000408782046792053,3.228014344022331e-05,0.15912208504801095,0.9987654865812047
4.960968759474753,0.23012210887944876,1000.0,0.19781979248496245,7.677892812277993,4.300305112571629,11.978197924849622,1.7854297802805277,0.9989364922994893,169.7088585227227,624.0762504965852,0.0010056394597891909,7.315842350278535e-05,0.262002743484225,0.9983445814867188
5.2138004292498685,0.24999895740785003,1000.0,0.19781979248496245,6.0013295891068115,5.976868335742811,11.978197924849622,1.0040926538765658,0.9987177079220119,177.35198120938367,574.8711077858875,0.0012844010614479714,8.056874534053131e-05,0.23182441700960219,0.99762161767802
4.533336743945137,0.1980208068175782,1000.0,0.19781979248496245,8.720001820993598,3.258196103856024,11.978197924849622,2.6763281101078027,0.9985157484992792,156.7755011032618,724.4030842398332,0.000728530145233261,6.131171070086862e-05,0.289437585733882,0.9990795598759128
4.977255602317176,0.23138263641795068,1000.0,0.19781979248496245,7.623469689456308,4.354728235393315,11.978197924849622,1.750618931279362,0.9989419754521089,170.2011734225606,620.7047423361794,0.0010199025579606552,7.362641101975422e-05,0.25956409083981097,0.9982881930004913
5.1638884815471355,0.2460229469174401,1000.0,0.19781979248496245,6.7444906105509945,5.23370731429863,11.978197924849624,1.288664077971052,0.9988319890461175,175.8429195598354,584.0775503175735,0.0012160081939581544,7.908119343027367e-05,0.23868312757201646,0.9977776609200648
5.116634135981248,0.24228217566016755,1000.0,0.19781979248496245,7.0413974102916335,4.93680051455799,11.978197924849622,1.4263078667099183,0.9988989524677919,174.414353195612,593.0151904784398,0.0011589987153335412,7.768395150938744e-05,0.24417009602194786,0.9979078391946953
0.0,0.0,0.0,0.0,0.0,0.0,0.0,0.0,0.0,0.0,0.0,0.0,0.0,0.0,0.0
4.1374210316008,0.1700449431518678,1000.0,0.19781979248496245,9.376093164281867,2.6021047605677547,11.978197924849622,3.603272745343309,0.9981258349370132,144.76835498540152,842.7281263459488,0.0005633876015421746,5.10991269761668e-05,0.28806584362139914,0.9992654192030239
5.110490582825977,0.24179752189234954,1000.0,0.19781979248496245,7.0739348031539935,4.904263121695629,11.978197924849622,1.442405235530717,0.9989051880586707,174.22863301914444,594.1933861701962,0.0011518531443046411,7.750316729261485e-05,0.2455418381344307,0.9979389302137535
4.842125103401058,0.22100776609747505,1000.0,0.19781979248496245,8.028639420998848,3.9495585038507754,11.978197924849624,2.0327941498197872,0.998856503121826,166.11624321222186,649.5986373825201,0.000913253964292838,6.97812573776895e-05,0.2716049382716049,0.9985982959311107
4.927865384855057,0.22756855459468994,1000.0,0.19781979248496245,7.783089361315335,4.195108563534286,11.97819792484962,1.855277221898223,0.9989207239127882,168.70820287510418,631.0206674449807,0.0009783780639475124,7.221106811690954e-05,0.26474622770919065,0.9984171424047124
3.0760664264675808,0.1037545237155513,1000.0,0.19781979248496245,10.56980798867267,1.40838993617695,11.97819792484962,7.504887472686882,0.9954368876083759,112.16527195470188,1377.850596422367,0.0003974380507702586,2.768309588438626e-05,0.11934156378600823,0.9992463013932184
4.670183075654979,0.20808336758560864,1000.0,0.19781979248496245,8.441461521722806,3.5367364031268154,11.97819792484962,2.386794083454945,0.9986731669893956,160.91665692683483,689.6234146458249,0.0008029304241000336,6.501106557023368e-05,0.28257887517146774,0.9988950305259284
0.0,0.0,0.0,0.0,0.0,0.0,0.0,0.0,0.0,0.0,0.0,0.0,0.0,0.0,0.0
4.879822390225926,0.2238828794867078,1000.0,0.19781979248496245,7.924870640593008,4.053327284256614,11.978197924849622,1.955151924537088,0.9988882220195778,167.25588880183213,641.3232402794081,0.0009409450730623993,7.084522715142353e-05,0.2688614540466392,0.9985240565234925
4.844208052069399,0.22116624122590386,1000.0,0.19781979248496245,8.023057592883754,3.955140331965871,11.978197924849624,2.028514014544702,0.9988583808187688,166.1792160750137,649.1368976661814,0.0009149260533324551,6.983978928848168e-05,0.004115226337448559,0.9999224577060652
5.190186701566471,0.24811469833050126,1000.0,0.19781979248496245,6.509193043164883,5.469004881684742,11.978197924849624,1.1901969707439186,0.9987781994889264,176.63801022567674,579.19732064785,0.0012508085461698185,7.98635218421876e-05,0.2345679012345679,0.9976834815929592
3.1612274742599573,0.10858598400184488,1000.0,0.19781979248496245,10.49350687757059,1.4846910472790302,11.97819792484962,7.067805047253349,0.9964251434579786,114.81503730934634,1316.7742636073804,0.00040086723489066514,2.9329326536106033e-05,0.13305898491083676,0.99909788656743
5.154538995700772,0.245280999711728,1000.0,0.19781979248496245,6.811941030273662,5.166256894575959,11.97819792484962,1.3185447741527339,0.9988480694576659,175.56026141263882,585.8285739970552,0.0012040808437858925,7.880391434442775e-05,0.2400548696844993,0.997809313128117
4.831955895745877,0.22023472392262655,1000.0,0.19781979248496245,8.055651460819883,3.9225464640297396,11.978197924849622,2.0536790410747847,0.9988471499512962,165.8087979571776,651.8605322826584,0.0009066974425798234,6.949507161906114e-05,0.27206218564243256,0.9986133421313587
4.686403644750987,0.2092892934630189,1000.0,0.19781979248496245,8.405927302039508,3.572270622810114,11.978197924849622,2.3531048427196186,0.9986919158362206,161.4073149983693,685.6797447165035,0.0008124204343248887,6.545532209943029e-05,0.28257887517146774,0.9988842153855467
5.210863987349965,0.24976433342067655,1000.0,0.19781979248496245,6.172981498166346,5.805216426683278,11.978197924849622,1.0633507942602556,0.9987259014384916,177.2631943043186,575.4062406317402,0.0012791951842418725,8.048129091082137e-05,0.23182441700960219,0.9976214093853373
5.1225536081482295,0.24274951921661386,1000.0,0.19781979248496245,7.0090395815473885,4.969158343302237,11.978197924849624,1.4105083994746594,0.9988924348579424,174.59330098730092,591.8835317337484,0.0011658926734460524,7.785838904725341e-05,0.24417009602194786,0.9979059328518083
4.707907900152487,0.21089233179900868,1000.0,0.19781979248496245,8.357866517568986,3.620331407280639,11.978197924849626,2.3085915562207826,0.9987165155255633,162.057746071562,680.5072479263882,0.0008254022149779845,6.604605149425525e-05,0.28120713305898487,0.9988487222752557
3.330877096743964,0.11847095033031993,1000.0,0.19781979248496245,10.33322408985747,1.6449738349921528,11.978197924849622,6.281695106662146,0.9976046865515028,120.07224025272976,1207.3372180640322,0.0004103195137187312,3.27357880478587e-05,0.16323731138545952,0.9987068069490205
3.1274688069928547,0.10666022684374481,1000.0,0.19781979248496245,10.524073379123399,1.4541245457262266,11.978197924849624,7.237394767906493,0.9960718969467615,113.76554667235486,1340.455288310901,0.0003993145006426992,2.8671666362058987e-05,0.12757201646090535,0.9991592284193939
0.0,0.0,0.0,0.0,0.0,0.0,0.0,0.0,0.0,0.0,0.0,0.0,0.0,0.0,0.0
5.211739448640746,0.2498342742377334,1000.0,0.19781979248496245,6.143299716535602,5.834898208314024,11.978197924849626,1.052854650965829,0.9987234774486795,177.28966487286888,575.2466137269813,0.0012798788930195974,8.050773808348228e-05,0.23182441700960219,0.9976214667931932
5.213796220383841,0.24999862105312828,1000.0,0.19781979248496245,6.003164788788833,5.975033136060789,11.978197924849622,1.0047082002873362,0.99871771979694,177.35185394868682,574.8718742282722,0.0012834894246959144,8.056899792104313e-05,0.23182441700960219,0.9976216173467161
0.0,0.0,0.0,0.0,0.0,0.0,0.0,0.0,0.0,0.0,0.0,0.0,0.0,0.0,0.0
5.131276190118702,0.24343882522102664,1000.0,0.19781979248496245,6.959345917320308,5.018852007529314,11.978197924849622,1.386640990186571,0.99888186169437,174.85699083990187,590.2223283366172,0.0011760015354703758,7.811577263672582e-05,0.242798353909465,0.997874111899256
5.029715102641504,0.23546146140101235,1000.0,0.19781979248496245,7.433380507483836,4.5448174173657865,11.978197924849622,1.6355729669317023,0.9989469247541921,171.7868994853608,610.0425863418336,0.0010678869041466318,7.514256040250678e-05,0.2551440329218107,0.9981715245680514
4.846468109381523,0.22133824254712275,1000.0,0.19781979248496245,8.016981956599517,3.9612159682501065,11.978197924849624,2.0238689384414132,0.9988604021978353,166.24754307100557,648.6364957607311,0.0009165043003363778,6.990340247976138e-05,0.2716049382716049,0.9985952149976406
3.902493620878264,0.1542592426187347,1000.0,0.19781979248496245,9.695393370442789,2.2828045544068356,11.978197924849624,4.247141241998285,0.9979824694157973,137.61547190201068,928.4357000556555,0.0004958483590877257,4.539792655722074e-05,0.2688614540466392,0.9991386594902646
4.971547527048669,0.2309405438763669,1000.0,0.19781979248496245,7.6427609244563595,4.335437000393265,11.978197924849624,1.7628582594472229,0.9989402479328566,170.02863140938035,621.8830078347002,0.0010147426730493512,7.346223609527863e-05,0.2600213382106386,0.9983004998569217
5.209833158494944,0.24968199029272856,1000.0,0.19781979248496245,6.202704089914578,5.775493834935045,11.978197924849622,1.0739694764100354,0.9987287353511571,177.2320260987545,575.5942881321973,0.0012781219026857466,8.045030840643462e-05,0.23182441700960219,0.997621346854656
5.205427698852146,0.2493302023613725,1000.0,0.19781979248496245,6.299100102510984,5.679097822338641,11.978197924849624,1.1091726713587453,0.9987405915042139,177.09882328926585,576.3990672699349,0.0012713867644744995,8.031883378387914e-05,0.23319615912208502,0.997652422051267
5.203180707252717,0.24915085038280563,1000.0,0.19781979248496245,6.338145708767266,5.640052216082357,11.978197924849622,1.1237742960418569,0.9987464731901569,177.03088417383674,576.810242396716,0.0012685642700164795,8.025143807612933e-05,0.23319615912208502,0.9976523444909924
5.191538012348393,0.2482223724159601,1000.0,0.19781979248496245,6.494122797286178,5.484075127563444,11.978197924849622,1.1841783065017009,0.99877507355664,176.67886654607366,578.9483340979939,0.0012524268199151077,7.990387307968172e-05,0.2345679012345679,0.9976834296005251
5.0725747282348,0.23881500721387094,1000.0,0.19781979248496245,7.255902709061153,4.72229521578847,11.978197924849622,1.5365203523917454,0.9989334992613027,173.08246554417724,601.5491633689576,0.0011108235822587008,7.639111009505568e-05,0.24965706447187927,0.9980397041480432
5.1951985293565,0.24851414072287123,1000.0,0.19781979248496245,6.450820703959471,5.527377220890151,11.978197924849622,1.1670672085811804,0.9987664126577267,176.78954142590797,578.2747308638102,0.0012574323618230725,8.001312516697155e-05,0.2345679012345679,0.997683339888142
5.190476807781833,0.24813781277106073,1000.0,0.19781979248496245,6.505994945210304,5.472202979639318,11.978197924849622,1.1889169625866336,0.9987775315466643,176.64678145551744,579.1438523865453,0.0012512270643562562,7.987215548427741e-05,0.2345679012345679,0.9976834695983181
4.696936064981918,0.21007382317430778,1000.0,0.19781979248496245,8.38252685497675,3.5956710698728753,11.978197924849624,2.331283004502721,0.9987039500141299,161.72589256980507,683.1384523888987,0.0008187873293575346,6.574429388389947e-05,0.28120713305898487,0.9988561686450956
5.1888940573631865,0.248011716357588,1000.0,0.19781979248496245,6.523208895466444,5.454989029383181,11.978197924849624,1.1958243839408877,0.9987811550994216,176.59892778807006,579.4356593914403,0.0012490470926862299,7.982497536050486e-05,0.2345679012345679,0.9976835404774591
5.201716595107133,0.2490340146143794,1000.0,0.19781979248496245,6.3613850124298414,5.616812912419781,11.978197924849622,1.1325613139728543,0.9987502430764292,176.98661608893607,577.0784139622883,0.001267629533528112,8.020721210722619e-05,0.23319615912208502,0.9976523102629824
5.202217277332253,0.24907396645936253,1000.0,0.19781979248496245,6.353605098388927,5.624592826460696,11.978197924849624,1.129611563791537,0.9987489595252572,177.00175442127878,576.9866847230664,0.0012672924370731751,8.022267535515694e-05,0.23319615912208502,0.997652320490139
5.188301683767941,0.24796452903800717,1000.0,0.19781979248496245,6.529509663898463,5.448688260951161,11.978197924849624,1.1983635971052282,0.9987824984687228,176.58101771483277,579.5449346120188,0.001248061843458285,7.980739017292467e-05,0.2345679012345679,0.9976835703899187
5.115259983505057,0.24217373756163144,1000.0,0.19781979248496245,7.04876420244276,4.929433722406866,11.978197924849626,1.4299338624642468,0.9989003913046401,174.37281229572855,593.27839448761,0.0011573015326371864,7.764354939880943e-05,0.24417009602194786,0.9979083030378283
4.145752083056594,0.1706159928462665,1000.0,0.19781979248496245,9.36397630799206,2.6142216168575647,11.978197924849624,3.581936683412504,0.9981335584318268,145.0215584136136,839.9248897682137,0.0005663054581842343,5.1306258422909306e-05,0.28806584362139914,0.9992616953630502
0.0,0.0,0.0,0.0,0.0,0.0,0.0,0.0,0.0,0.0,0.0,0.0,0.0,0.0,0.0
4.271713323797147,0.17934296986244952,1000.0,0.19781979248496245,9.173070483670614,2.8051274411790086,11.978197924849622,3.2701082842122595,0.9982491554696802,148.8466374594302,799.3059576484097,0.0006118946347471897,5.448002580203206e-05,0.29218106995884774,0.999253072134374
4.9663450683226715,0.2305379061648092,1000.0,0.19781979248496245,7.660136731721727,4.318061193127897,11.978197924849624,1.7739759556702608,0.998938489071965,169.87137270640196,622.9600505060818,0.0010103692220246373,7.331274214331138e-05,0.2606310013717421,0.9983153615885284
5.063833717562478,0.23812952848278818,1000.0,0.19781979248496245,7.294143911453507,4.684054013396117,11.978197924849624,1.5572288215705217,0.9989377489740603,172.81823795799147,603.2658019003736,0.0011018564642796928,7.613568622814647e-05,0.2510288065843621,0.9980717156681783
4.242680924651526,0.1773160891637311,1000.0,0.19781979248496245,9.218415587847346,2.7597823370022745,11.97819792484962,3.3402690727633817,0.9982223884132426,147.96551824019397,808.3834112756455,0.000600749159755638,5.3741788846294695e-05,0.2908093278463649,0.9992501360378996
5.212567853017336,0.24990046287899154,1000.0,0.19781979248496245,6.1086033973183635,5.869594527531262,11.978197924849626,1.0407198263297461,0.9987211692036835,177.31471267840905,575.0956327590023,0.0012819297283554265,8.053214288632092e-05,0.23182441700960219,0.9976215247419866
0.0,0.0,0.0,0.0,0.0,0.0,0.0,0.0,0.0,0.0,0.0,0.0,0.0,0.0,0.0
0.0,0.0,0.0,0.0,0.0,0.0,0.0,0.0,0.0,0.0,0.0,0.0,0.0,0.0,0.0
5.079246366573682,0.23933873393986296,1000.0,0.19781979248496245,7.225888708061581,4.752309216788041,11.978197924849622,1.5205005353051009,0.9989297514948382,173.28414056327475,600.2442256874048,0.0011181607395960224,7.658604144209006e-05,0.24965706447187927,0.9980367148567822
4.3409514613923745,0.1842139046099217,1000.0,0.19781979248496245,9.061363020870076,2.916834903979548,11.978197924849624,3.106573844308883,0.9983145385331973,150.9468612966382,778.3081730571023,0.0006396633206258594,5.6256943888858395e-05,0.29218106995884774,0.9992195285773722
3.0954450145624492,0.10484619681691147,1000.0,0.19781979248496245,10.552679240603688,1.4255186842459395,11.978197924849628,7.402694441838037,0.9956909902672464,112.76889983123718,1363.5580908665902,0.0003981397210331358,2.8053923423159258e-05,0.12208504801097393,0.9992186981890766
5.20973150122096,0.24967387044684167,1000.0,0.19781979248496245,6.205413925960568,5.772783998889053,11.97819792484962,1.0749430304606535,0.9987290136237404,177.22895238764033,575.6128381925126,0.0012769438304874653,8.044765791430866e-05,0.23182441700960219,0.9976213409891868
5.188111288608241,0.24794936329544587,1000.0,0.19781979248496245,6.531519154649432,5.44667877020019,11.978197924849622,1.199174658579942,0.9987829287752159,176.57526123255718,579.580063893637,0.0012478389379446727,7.980171421848892e-05,0.2345679012345679,0.9976835803916175
4.1021052653951005,0.16763274612474766,1000.0,0.19781979248496245,9.426805328635965,2.5513925962136588,11.978197924849622,3.6947686305218643,0.998092245399391,143.69469504436944,854.7801417298416,0.0005513441645758447,5.0224839825472056e-05,0.2851699436061576,0.9992467722278483
4.933556279191018,0.22800673183285458,1000.0,0.19781979248496245,7.7654809869033565,4.212716937946266,11.978197924849622,1.8433426933947032,0.9989238626294076,168.88023025253395,629.8179839560124,0.0009828565297030965,7.237356656605287e-05,0.26474622770919065,0.9984133145998784
3.7257173051950163,0.14278985636117172,1000.0,0.19781979248496245,9.911115530166015,2.0670823946836085,11.978197924849622,4.794736559924612,0.9981721269118421,132.21399107085404,1002.59460690152,0.0004585328545645567,4.1293772208199686e-05,0.242798353909465,0.9988846474702365
5.175107102253337,0.24691440574568646,1000.0,0.19781979248496245,6.654465404853767,5.323732519995858,11.978197924849624,1.2499623863257023,0.9988106472590877,176.18209352243062,581.9875918969586,0.0012305604411293964,7.94145699986215e-05,0.2373113854595336,0.9977459092518981
5.103111814769017,0.24121593747775918,1000.0,0.19781979248496245,7.111735555248013,4.866462369601609,11.978197924849622,1.4613768719699793,0.9989120612084262,174.00557430293372,595.6134705539549,0.0011439745014216593,7.72860112668111e-05,0.2455418381344307,0.9979416109966693
5.173461247095298,0.2467835413798502,1000.0,0.19781979248496245,6.668428454527932,5.309769470321691,11.978197924849624,1.2558790907590809,0.9988139234838178,176.13233366560127,582.2934479782988,0.0012292486045934236,7.936514039340581e-05,0.2373113854595336,0.9977460905219105
0.0,0.0,0.0,0.0,0.0,0.0,0.0,0.0,0.0,0.0,0.0,0.0,0.0,0.0,0.0
4.559238266816503,0.19991007107237568,1000.0,0.19781979248496245,8.669913023372294,3.3082849014773283,11.978197924849622,2.620666986540581,0.9985450132488839,157.5595744992655,717.6061527356043,0.0007419530535119794,6.200525288220328e-05,0.28806584362139914,0.9990452094304338
5.1855085317617435,0.2477420804194118,1000.0,0.19781979248496245,6.558273836154842,5.419924088694783,11.978197924849624,1.2100305703237615,0.9987887398262929,176.49656871466934,580.0606362812823,0.0012444694188184866,7.972410774151219e-05,0.23487273281511964,0.9976905887783535
5.209309051305086,0.24964012851133005,1000.0,0.19781979248496245,6.216328720028408,5.761869204821214,11.978197924849622,1.0788736257371006,0.9987301676956905,177.21617919334963,575.6899357029289,0.0012770913957081713,8.043474874398528e-05,0.23182441700960219,0.9976213172002106
5.200562789547903,0.24894195667550506,1000.0,0.19781979248496245,6.378720728610634,5.599477196238985,11.97819792484962,1.1391636227923287,0.9987531784038016,176.95173037751087,577.2898906249882,0.0012650276078802012,8.017311791062443e-05,0.23319615912208502,0.9976522926395671
0.0,0.0,0.0,0.0,0.0,0.0,0.0,0.0,0.0,0.0,0.0,0.0,0.0,0.0,0.0
4.768842692266571,0.21546125558559404,1000.0,0.19781979248496245,8.215199414282434,3.76299851056719,11.978197924849624,2.1831524490941594,0.9987838173347902,163.90052125079697,666.1870964059617,0.0008648999830250838,6.773081280292599e-05,0.27709190672153633,0.9987415541025563
4.980981350285528,0.23167137936573126,1000.0,0.19781979248496245,7.610746160905249,4.3674517639443735,11.978197924849622,1.7426056593769363,0.9989429851975759,170.31379406953403,619.9376121005396,0.0010229678598051917,7.37337271610486e-05,0.25925925925925924,0.9982800440985321
5.196325842473555,0.24860402291959224,1000.0,0.19781979248496245,6.436637696386474,5.541560228463148,11.978197924849622,1.1615208408862785,0.9987636864333537,176.82362567418053,578.0675391113712,0.0012591859298882613,8.004669134469372e-05,0.2345679012345679,0.9976833278798172
0.0,0.0,0.0,0.0,0.0,0.0,0.0,0.0,0.0,0.0,0.0,0.0,0.0,0.0,0.0
0.0,0.0,0.0,0.0,0.0,0.0,0.0,0.0,0.0,0.0,0.0,0.0,0.0,0.0,0.0
5.045650230364431,0.23670608774133053,1000.0,0.19781979248496245,7.370175950601636,4.608021974247989,11.978197924849624,1.5994229176401487,0.9989439505462149,172.2685843420791,606.8622734115484,0.0010836542295374345,7.56055636491459e-05,0.004115226337448559,0.9999227168310787
4.422001138018163,0.18998192113931528,1000.0,0.19781979248496245,8.923588259795658,3.0546096650539662,11.978197924849624,2.921351412550449,0.9983954634731578,153.40354964012218,754.8356879776667,0.0006741976526055348,5.836591602406062e-05,0.2908093278463649,0.9991602695013074
5.205690611239595,0.24935119106334905,1000.0,0.19781979248496245,6.294204364094002,5.68399356075562,11.978197924849622,1.1073559983514938,0.9987398958545372,177.1067726257819,576.3509880787171,0.0012720558099863222,8.032650179206789e-05,0.23319615912208502,0.9976524330564636
5.21224557498052,0.24987471236822717,1000.0,0.19781979248496245,6.123173276891074,5.855024647958552,11.978197924849626,1.0457980358846168,0.9987220688909406,177.30496820671192,575.1543619873604,0.0012811671509500005,8.05226302326858e-05,0.23182441700960219,0.9976215017736585
4.312316931540364,0.18219312194487938,1000.0,0.19781979248496245,9.10819221768148,2.8700057071681444,11.978197924849624,3.1735798277100296,0.9982871156564797,150.0784648581292,786.8831502172994,0.0006287474175120595,5.551887000799352e-05,0.29218106995884774,0.999233619456227
0.0,0.0,0.0,0.0,0.0,0.0,0.0,0.0,0.0,0.0,0.0,0.0,0.0,0.0,0.0
0.0,0.0,0.0,0.0,0.0,0.0,0.0,0.0,0.0,0.0,0.0,0.0,0.0,0.0,0.0
3.6651827683406593,0.13894414537541233,1000.0,0.19781979248496245,9.98083867087919,1.9973592539704317,11.978197924849622,4.997017262186998,0.998196666617999,130.35990332715264,1030.201114661859,0.00044807997043275097,3.992635233772327e-05,0.23182441700960219,0.9987638960095503
3.5903154244745332,0.13424615831888392,1000.0,0.19781979248496245,10.064395276618823,1.9138026482307984,11.978197924849622,5.258846979819358,0.9981868276040129,128.0633824960693,1066.0720366203454,0.00043692287175786464,3.826238399214744e-05,0.2167352537722908,0.9985864408397586
5.055163552916151,0.23745038438662358,1000.0,0.19781979248496245,7.330957386266895,4.647240538582728,11.978197924849622,1.5774861071647093,0.9989410870491127,172.5561538247127,604.9763514211567,0.00109292937575562,7.588278756602279e-05,0.252400548696845,0.9981036450605782
4.679281131135862,0.20875942356569424,1000.0,0.19781979248496245,8.421604560758162,3.5565933640914627,11.978197924849624,2.367885135755314,0.9986837398166445,161.19186961870503,687.4069359373497,0.0008083118670198504,6.526001957379926e-05,0.28257887517146774,0.9988889594002694
3.4343434889339095,0.12466764068599188,1000.0,0.19781979248496245,10.229657791531048,1.7485401333185726,11.97819792484962,5.850399196795142,0.9979663600555878,123.26571761315971,1147.5830306834137,0.00041892510554505154,3.4894573997464355e-05,0.18518518518518517,0.998362527742063
3.998234288753777,0.1606181393475283,1000.0,0.19781979248496245,9.570196752048282,2.4080011728013404,11.978197924849622,3.9743322636819256,0.9979837502319745,140.5336710371924,891.8840707634665,0.0005207232143286043,4.7688008434650725e-05,0.2784636488340192,0.9992127994004126
0.0,0.0,0.0,0.0,0.0,0.0,0.0,0.0,0.0,0.0,0.0,0.0,0.0,0.0,0.0
3.3345354973842958,0.11868789662094269,1000.0,0.19781979248496245,10.329639973741823,1.648557951107799,11.978197924849622,6.2658640339579845,0.9976212822691195,120.18531448834953,1205.139822081586,0.00041058406109194625,3.281107851336883e-05,0.1646090534979424,0.9986860367343912
4.99586801328701,0.2328265226976888,1000.0,0.19781979248496245,7.558813228138263,4.4193846967113615,11.978197924849624,1.7103768390570466,0.9989460535066154,170.76378224438204,616.8876686440481,0.0010362863741039958,7.416287072949408e-05,0.2578875171467764,0.9982445733752939
4.5593683363698805,0.199919576483663,1000.0,0.19781979248496245,8.669658646396563,3.308539278453059,11.978197924849622,2.6203886116323063,0.9985451609170527,157.5635115430982,717.5722802964792,0.0007419861290070663,6.20087634653375e-05,0.28806584362139914,0.9990451312013765
5.016119977181609,0.23440167868923645,1000.0,0.19781979248496245,7.485094906451743,4.493103018397879,11.978197924849622,1.6659076980435512,0.9989476107034473,171.37595031782078,612.7772038795648,0.001055102878017223,7.47483479382291e-05,0.2565157750342935,0.9982060508261961
3.394221961914718,0.12224973423644504,1000.0,0.19781979248496245,10.270366729345653,1.7078311955039676,11.97819792484962,6.013689617793256,0.9978510058699893,122.02845549488626,1170.1780039346759,0.0004153198449296008,3.405022876847586e-05,0.17695473251028807,0.9984969816098865
4.856090192372467,0.22207112816772395,1000.0,0.19781979248496245,7.990887423424265,3.987310501425355,11.97819792484962,2.004079546994833,0.9988688098788976,166.53843835799248,646.5130066323134,0.0009235444849598803,7.017461501229452e-05,0.27023319615912206,0.9985647505889674
4.7026884715705215,0.21050279903148827,1000.0,0.19781979248496245,8.36963436670666,3.608563558142965,11.978197924849624,2.319381169778767,0.9987105410339291,161.89988142884062,681.7569007267546,0.0008221047512571831,6.590252456882362e-05,0.28120713305898487,0.9988522683195106
3.22724468457158,0.11239164178478159,1000.0,0.19781979248496245,10.432483420923473,1.5457145039261486,11.978197924849622,6.749295160538856,0.9969904434142319,116.86408081260039,1272.3626063896281,0.0004038973052415411,3.063505924284855e-05,0.14403292181069957,0.9989667394003395
4.590913128232203,0.20223018687119088,1000.0,0.19781979248496245,8.607090607113287,3.3711073177363367,11.978197924849624,2.5531938902772335,0.9985813246925063,158.51823928676066,709.4329099320851,0.0007587066788213197,6.285767583250222e-05,0.28669410150891633,0.9990064713699655
4.743496076870253,0.21355599517159315,1000.0,0.19781979248496245,8.275774431280796,3.702423493568827,11.978197924849622,2.2352317193470594,0.9987563760942816,163.13404443783602,672.0841743379683,0.0008476734648854641,6.702815797052919e-05,0.2784636488340192,0.9987812576280052
5.070815106308274,0.23867695255941473,1000.0,0.19781979248496245,7.26369671516264,4.7145012096869845,11.978197924849624,1.5407137239116133,0.9989344210900107,173.0292746582116,601.894099468694,0.0011085772471972556,7.633989451104824e-05,0.24965706447187927,0.9980405110837374
5.064876214108714,0.23821124069933838,1000.0,0.19781979248496245,7.289644416018433,4.688553508831192,11.978197924849624,1.5547747087215533,0.9989372887583517,172.8497509531307,603.0606520158874,0.001102362249235332,7.616647571891196e-05,0.2510288065843621,0.9980712201857566
3.303437184352124,0.11684880628413925,1000.0,0.19781979248496245,10.359929987520925,1.618267937328697,11.978197924849622,6.401863219648435,0.9974700065251236,119.22374230832878,1224.0261191814254,0.0004083762786226188,3.217354146323944e-05,0.15775034293552812,0.9987852168933485
4.311866501507106,0.18216140566259856,1000.0,0.19781979248496245,9.10892160148193,2.8692763233676946,11.978197924849624,3.1746407717158136,0.9982866922514105,150.06480267964136,787.019251370771,0.0006279058776947537,5.5507686750269014e-05,0.29218106995884774,0.999233837979552
4.595938618931463,0.20259927710311712,1000.0,0.19781979248496245,8.596957127512173,3.381240797337449,11.978197924849622,2.5425450722947116,0.9985871478222368,158.67032294159753,708.1499476567285,0.0007610470651548897,6.299350995758805e-05,0.28669410150891633,0.999003343336756
5.160100613034422,0.24572224500156006,1000.0,0.19781979248496245,6.77252759265214,5.205670332197481,11.97819792484962,1.300990489306156,0.9988386853602296,175.72840225844794,584.7859438808747,0.001211547594927447,7.896862813282201e-05,0.23868312757201646,0.9977782810178255
5.1086601295558625,0.24165319582011235,1000.0,0.19781979248496245,7.083437258266812,4.89476066658281,11.978197924849622,1.4471468046694074,0.9989069531085187,174.17329856380047,594.5451568224411,0.0011502878104661654,7.744905965604396e-05,0.004115226337448559,0.9999228622194702
5.194196911412325,0.24843429127976685,1000.0,0.19781979248496245,6.463064724017652,5.51513320083197,11.978197924849622,1.1718782645254486,0.9987688112458413,176.7592576428505,578.4589213960468,0.0012560034310015824,7.998320650688909e-05,0.2345679012345679,0.9976833568275967
5.078891189320006,0.23931084079502057,1000.0,0.19781979248496245,7.227505562029916,4.750692362819712,11.978197924849628,1.521358364223804,0.9989299612497535,173.2734039795542,600.313581316973,0.0011174428409890117,7.657584169502301e-05,0.24965706447187927,0.9980368711495977
5.211976664684797,0.24985322683437963,1000.0,0.19781979248496245,6.134214800929802,5.843983123919822,11.978197924849622,1.0496633325004041,0.9987228179336972,177.29683738048084,575.203373341053,0.0012811685460499475,8.05143213859415e-05,0.23182441700960219,0.9976214830232832
4.699493527624717,0.21026449834811448,1000.0,0.19781979248496245,8.376804876462588,3.601393048387037,11.978197924849624,2.325990183219331,0.9987068796735025,161.8032468040578,682.5236714827723,0.0008202337309393961,6.5814594026432e-05,0.28120713305898487,0.9988544359890906
3.379234748555171,0.12135140128847982,1000.0,0.19781979248496245,10.28539318082383,1.692804744025796,11.978197924849626,6.075947753054675,0.9978002426507421,121.56593410337996,1178.8022025359005,0.00041419622945121966,3.3737079721905054e-05,0.1728395061728395,0.9985626005706031
0.0,0.0,0.0,0.0,0.0,0.0,0.0,0.0,0.0,0.0,0.0,0.0,0.0,0.0,0.0
4.857503495881627,0.22217885692997133,1000.0,0.19781979248496245,7.987022989677566,3.991174935172056,11.978197924849622,2.0011708630689857,0.998870016248782,166.58116495080176,646.2020504640707,0.0009244793115578075,7.021447508753506e-05,0.27023319615912206,0.9985637496048995
4.864782512309342,0.22273402936743103,1000.0,0.19781979248496245,7.966988195334015,4.011209729515607,11.978197924849622,1.9861809111377748,0.9988761082266369,166.80122030240463,644.6043297081687,0.0009295706803795832,7.04200084087655e-05,0.27023319615912206,0.9985586187259381
4.814674627136063,0.21892352391480316,1000.0,0.19781979248496245,8.100678126902483,3.8775197979471385,11.978197924849622,2.089139075754351,0.9988307184144734,165.2863173835655,655.7335852714618,0.0008943264708769583,6.901045246386827e-05,0.27434842249657065,0.9986641430121582
5.205835447067528,0.24936275383309392,1000.0,0.19781979248496245,6.291473419026751,5.6867245058228715,11.978197924849622,1.1063439793126346,0.9987395119693293,177.11115183875796,576.3245044950999,0.001272172676029765,8.0330856036277e-05,0.23319615912208502,0.9976524392888377
3.2504991805695256,0.11374464506460541,1000.0,0.19781979248496245,10.410585170625579,1.5676127542240474,11.978197924849626,6.6410439329314555,0.9971546949031974,117.58484449751502,1257.2892936252797,0.0004051534990169492,3.1101045060237035e-05,0.14814814814814814,0.9989142541931533
0.0,0.0,0.0,0.0,0.0,0.0,0.0,0.0,0.0,0.0,0.0,0.0,0.0,0.0,0.0
4.525595784774349,0.19745757256355337,1000.0,0.19781979248496245,8.73475766500027,3.2434402598493532,11.978197924849622,2.6930533523703533,0.9985070895438644,156.5411456430779,726.4545784300321,0.0007247375966320697,6.110497774830208e-05,0.289437585733882,0.9990840775756867
3.0955674012056367,0.10485310586290816,1000.0,0.19781979248496245,10.552570630424134,1.4256272944254897,11.978197924849624,7.402054289846274,0.9956925366925319,112.77271080961654,1363.4685833418969,0.00039813964620260384,2.805626584656511e-05,0.12208504801097393,0.9992187427715618
3.5388204209469616,0.13105242641015807,1000.0,0.19781979248496245,10.120232928035696,1.857964996813925,11.978197924849622,5.446944880764746,0.998148218957816,126.48146511143374,1091.9258569717963,0.00043028984491500475,3.7135509871300985e-05,0.0054869684499314125,0.9998738200116725
4.449902762207466,0.1919840106451484,1000.0,0.19781979248496245,8.874228628285714,3.10396929656391,11.978197924849624,2.8589936885359895,0.9984245537291482,154.24886446602127,747.018097673533,0.0006875019673359044,5.909864019885521e-05,0.2908093278463649,0.9991451994141104
0.0,0.0,0.0,0.0,0.0,0.0,0.0,0.0,0.0,0.0,0.0,0.0,0.0,0.0,0.0
3.725020604646322,0.14274535684513076,1000.0,0.19781979248496245,9.911929397803751,2.0662685270458705,11.978197924849622,4.797019006999427,0.998172551191266,132.1926656905595,1002.9055408864784,0.0004584508150451773,4.127788574662268e-05,0.242798353909465,0.9988850300217023
4.679051012230368,0.20874231313739966,1000.0,0.19781979248496245,8.422109123254884,3.556088801594742,11.978197924849626,2.368362994613058,0.9986834735661656,161.18490875117323,687.4628561242812,0.0008082089954051456,6.525377231867309e-05,0.28257887517146774,0.9988891129591648
5.155535246847047,0.2453600165485057,1000.0,0.19781979248496245,6.805022949148453,5.173174975701171,11.978197924849624,1.3154441868122009,0.9988464270587347,175.59038030497058,585.6415873751745,0.001204335468415473,7.883391773487396e-05,0.2400548696844993,0.9978091244235903
4.501924698040011,0.19573924211677107,1000.0,0.19781979248496245,8.779293040991933,3.198904883857691,11.978197924849622,2.744468297664613,0.9984807575222964,155.8244311218784,732.786288135811,0.0007128806208171407,6.047466388058367e-05,0.289437585733882,0.9990977782351945
4.982975914481136,0.2318260159327936,1000.0,0.19781979248496245,7.603890840882326,4.374307083967296,11.978197924849622,1.7383075067482334,0.9989434864571886,170.37408503617237,619.5275605368471,0.001024981424209023,7.379105358980094e-05,0.25925925925925924,0.9982787966155154
4.279908205349234,0.17991675759396994,1000.0,0.19781979248496245,9.160116019513026,2.8180819053365966,11.978197924849622,3.2504789879124987,0.9982567772297191,149.0952963155976,796.7733758653778,0.0006150544867018679,5.4689167969951287e-05,0.29218106995884774,0.9992491884135949
4.288892185532049,0.1805466384308964,1000.0,0.19781979248496245,9.145833924604824,2.832364000244799,11.978197924849622,3.2290460985291287,0.9982651121064133,149.36787334217658,794.0117458597474,0.0006186218334496693,5.4918777584936495e-05,0.29218106995884774,0.9992449141431303
5.162401939316613,0.24590491945082443,1000.0,0.19781979248496245,6.75561758288016,5.222580341969464,11.978197924849624,1.2935401928795565,0.9988346469046996,175.7979773437631,584.35539285625,0.0012145263522927224,7.903683009329421e-05,0.23868312757201646,0.9977778960617718
4.680728073414574,0.2088670234161295,1000.0,0.19781979248496245,8.418429190680229,3.559768734169392,11.97819792484962,2.364880928885544,0.9986854103405555,161.23563801454594,687.0554888028051,0.000809226364011862,6.529970163254621e-05,0.023319615912208505,0.9999322809144724
5.188663890453753,0.2479933812860603,1000.0,0.19781979248496245,6.525665906772268,5.452532018077353,11.97819792484962,1.196813862832358,0.9987816778867614,176.5919688216289,579.4781143537278,0.0012486565810298478,7.981813538178591e-05,0.2345679012345679,0.9976835518831462
4.465888085525881,0.19313482224779258,1000.0,0.19781979248496245,8.845470425133943,3.132727499715677,11.97819792484962,2.8235684163198838,0.9984416574279356,154.7330729571162,742.5978649786355,0.0006954167383436192,5.952000693396206e-05,0.2908093278463649,0.9991363995671424
4.248317760145662,0.17770890062116826,1000.0,0.19781979248496245,9.209677539196717,2.7685203856529075,11.978197924849624,3.326570245580754,0.9982275661953571,148.1366162222525,806.6080151211403,0.0006029479572531556,5.388475076417276e-05,0.2908093278463649,0.9992474880377914
3.77973234680815,0.14625675626904383,1000.0,0.19781979248496245,9.847180451672497,2.1310174731771276,11.978197924849624,4.6208820789213725,0.9981304127859205,133.86641431444974,978.9517425248415,0.00046877449720007097,4.253047212634083e-05,0.2510288065843621,0.9989680214950966
0.0,0.0,0.0,0.0,0.0,0.0,0.0,0.0,0.0,0.0,0.0,0.0,0.0,0.0,0.0
5.211189952643093,0.24979037395252457,1000.0,0.19781979248496245,6.162524922678574,5.815673002171052,11.978197924849626,1.0596408911536186,0.9987250007355913,177.2730502288244,575.3467975160548,0.0012804751899373316,8.049072385078333e-05,0.23182441700960219,0.9976214303029671
4.751773689494227,0.21417746431298743,1000.0,0.19781979248496245,8.256193585882313,3.7220043389673085,11.978197924849622,2.218211703690018,0.9987654422548905,163.3843651366688,670.1491002385995,0.0008529247236212069,6.725745190517524e-05,0.2784636488340192,0.9987755076623219
3.6983386608769564,0.1410453114405544,1000.0,0.19781979248496245,9.942896683939361,2.03530124091026,11.978197924849622,4.885221157479636,0.9981864227333286,131.37571976959896,1014.9312920472632,0.0004537190617262261,4.0672834018241994e-05,0.2373113854595336,0.9988231181597401
4.841019796855267,0.22092369049789365,1000.0,0.19781979248496245,8.031594547713269,3.9466033771363542,11.978197924849622,2.035065036999227,0.9988555011446407,166.0828268558558,649.8438724986981,0.0009125278598333419,6.97501470131592e-05,0.2716049382716049,0.9985990817764167
4.5384067329563855,0.1983900482819143,1000.0,0.19781979248496245,8.710284858699952,3.267913066149669,11.97819792484962,2.665396747827999,0.9985214214077737,156.9289869726337,723.0645005037179,0.0007313553285724769,6.144712820487427e-05,0.28806584362139914,0.9990576748891481
5.206704231716211,0.24943211656588601,1000.0,0.19781979248496245,6.274543071751573,5.703654853098054,11.978197924849626,1.1000916488387145,0.9987371995076533,177.1374201870193,576.1656863434799,0.0012736360039068096,8.035669708937967e-05,0.23182441700960219,0.997621191853574
4.1798421068539175,0.17296065426878254,1000.0,0.19781979248496245,9.313763093118398,2.664434831731226,11.978197924849624,3.495586749654803,0.998165068430965,146.0573597959134,828.6091691177661,0.0005779440662419726,5.215766600213223e-05,0.289437585733882,0.9992626221398099
4.8988216281881325,0.22533755062865876,1000.0,0.19781979248496245,7.87018902153867,4.108008903310951,11.978197924849622,1.9158159601834108,0.9989021867248737,167.83023654050695,637.2167356100161,0.0009554526679745534,7.1384059246414e-05,0.2674897119341564,0.9984865470020392
4.678997793480609,0.20873835615168448,1000.0,0.19781979248496245,8.422225794308886,3.5559721305407384,11.978197924849624,2.368473510231972,0.9986834119706798,161.18329893600313,687.4757896236993,0.0008078596181004172,6.525245676867309e-05,0.28257887517146774,0.9988891484752267
3.719283548678947,0.1423791317555941,1000.0,0.19781979248496245,9.91862101790438,2.059576906945242,11.978197924849622,4.815853675799681,0.9981759237994953,132.01704771955488,1005.4718681360899,0.000456953979373554,4.114775105608387e-05,0.24142661179698216,0.9988691427279861
5.046814275952212,0.23679710933185535,1000.0,0.19781979248496245,7.365439807564569,4.612758117285055,11.978197924849624,1.596753963743425,0.9989436409219524,172.30377111222435,606.6310037754919,0.0010845077412468753,7.56396477285783e-05,0.252400548696845,0.9981078778520447
0.0,0.0,0.0,0.0,0.0,0.0,0.0,0.0,0.0,0.0,0.0,0.0,0.0,0.0,0.0
5.212500931411793,0.24989511565247294,1000.0,0.19781979248496245,6.11177135208271,5.8664265727669145,11.978197924849624,1.0418218444009395,0.9987213562046952,177.31268922090578,575.1078271907348,0.0012816896920961217,8.053027432496596e-05,0.23182441700960219,0.9976215199277756
4.620450726638016,0.20440339131970484,1000.0,0.19781979248496245,8.546846977160278,3.4313509476893427,11.97819792484962,2.490811085038005,0.9986155243581867,159.41205686369193,701.9455003779425,0.0007748075003366375,6.365666589208923e-05,0.2848651120256058,0.9989614374798005
0.0,0.0,0.0,0.0,0.0,0.0,0.0,0.0,0.0,0.0,0.0,0.0,0.0,0.0,0.0
4.091903774580352,0.16693851482848282,1000.0,0.19781979248496245,9.441262261075481,2.5369356637741385,11.97819792484962,3.7215221481138947,0.998082325251805,143.3844543899509,858.3132621613662,0.0005487394949479715,4.997299570944651e-05,0.28471269623532997,0.9992458852429779
5.159912866158352,0.24570734444443787,1000.0,0.19781979248496245,6.773890851561396,5.204307073288229,11.978197924849624,1.30159322964036,0.9988390107712201,175.72272619589071,584.8210917032369,0.0012113265631255418,7.896307360361169e-05,0.23868312757201646,0.9977783135388546
0.0,0.0,0.0,0.0,0.0,0.0,0.0,0.0,0.0,0.0,0.0,0.0,0.0,0.0,0.0
0.0,0.0,0.0,0.0,0.0,0.0,0.0,0.0,0.0,0.0,0.0,0.0,0.0,0.0,0.0
5.211454070948797,0.24981147448347535,1000.0,0.19781979248496245,6.153565123236017,5.824632801613605,11.978197924849622,1.0564726280309529,0.9987242693300592,177.2810361468332,575.2986401048768,0.001280284466234561,8.049879994921451e-05,0.23182441700960219,0.9976214476502097
3.7837802913749656,0.1465179081675816,1000.0,0.19781979248496245,9.842321435606495,2.13587648924313,11.978197924849624,4.608094843112498,0.9981266250544373,133.99017615644667,977.2161073771518,0.0004695729436927852,4.262377165920532e-05,0.252400548696845,0.9989842792188022
5.213091387240209,0.2499422963311312,1000.0,0.19781979248496245,6.080088864677858,5.898109060171768,11.978197924849626,1.030853923291271,0.998719703006105,177.3305423954707,575.000248942106,0.00128243825202111,8.054792376587392e-05,0.23182441700960219,0.9976215632215621
5.041326795721672,0.23636814286956404,1000.0,0.19781979248496245,7.387619981163414,4.590577943686211,11.978197924849624,1.609300630942167,0.9989449952462329,172.13789576737557,607.722489470296,0.0010797851368305423,7.547965670362696e-05,0.25377229080932784,0.9981381381797904
5.21355258112958,0.2499791507458067,1000.0,0.19781979248496245,6.043792592272887,5.934405332576733,11.97819792484962,1.01843272469032,0.9987184065456887,177.3444871922189,574.9162442051365,0.0012827034729297375,8.056186533175702e-05,0.23182441700960219,0.9976215983331773
0.0,0.0,0.0,0.0,0.0,0.0,0.0,0.0,0.0,0.0,0.0,0.0,0.0,0.0,0.0
3.7350163230533573,0.14338433240394438,1000.0,0.19781979248496245,9.90022670060689,2.0779712242427317,11.978197924849622,4.764371414341793,0.998166168318096,132.49859605984295,998.4593021221677,0.0004601585795213104,4.15055896328299e-05,0.24417009602194786,0.9988985141321955
4.348622248391215,0.18475675710233724,1000.0,0.19781979248496245,9.048660936847366,2.9295369880022575,11.978197924849622,3.0887682845124034,0.998321978500974,151.17945011270825,776.0366001221082,0.0006431166440145886,5.645506224380698e-05,0.29218106995884774,0.9992157026849566
4.320995856212256,0.1828046651768192,1000.0,0.19781979248496245,9.094094970277185,2.884102954572438,11.978197924849622,3.153179728157577,0.9982953383139831,150.34169645807773,784.2681257928889,0.000631580583098475,5.574241441362183e-05,0.29218106995884774,0.9992293865830082
5.137382898665505,0.24392187581684696,1000.0,0.19781979248496245,6.9229471268533675,5.055250797996257,11.978197924849624,1.3694567101591493,0.9988738029476376,175.04160324783803,589.063788691588,0.0011833389550135014,7.829610939723095e-05,0.24142661179698216,0.997842967510927
3.253382298088877,0.11391284288556353,1000.0,0.19781979248496245,10.40785531830356,1.5703426065460624,11.978197924849622,6.6277608942900885,0.9971739075373093,117.6741697263749,1255.4404869844716,0.00040534311635059177,3.115901753634372e-05,0.1484529797286999,0.9989106310125866
5.213607680554191,0.24998355393527583,1000.0,0.19781979248496245,6.037675044373233,5.940522880476389,11.978197924849622,1.016354143541158,0.9987182513490848,177.34615319608994,574.90620937684,0.0012831617542413895,8.056338053666237e-05,0.23182441700960219,0.9976216026048556
5.031055631025383,0.23556606335391678,1000.0,0.19781979248496245,7.428175466093281,4.550022458756345,11.978197924849626,1.632557978213501,0.9989467704779342,171.82742065662785,609.7740101845914,0.0010694750396501324,7.518130973672312e-05,0.2551440329218107,0.9981707916043954
4.4149057356378245,0.1894741280158654,1000.0,0.19781979248496245,8.935975984778857,3.0422219400707644,11.97819792484962,2.9373188941537247,0.9983881487759585,153.18855365872122,756.8447416501873,0.0006719120093367662,5.817963650107111e-05,0.29218106995884774,0.9991817272288941
5.164549318654659,0.24607542288538078,1000.0,0.19781979248496245,6.739490484079888,5.238707440769735,11.978197924849624,1.2864796441256585,0.9988307949973116,175.8628985077851,583.9541048713982,0.0012168748804275596,7.910090496275535e-05,0.23868312757201646,0.9977775598185525
5.1571926796790395,0.24549149702059264,1000.0,0.19781979248496245,6.7933796962267605,5.184818228622862,11.978197924849622,1.3102445248174397,0.998843657550665,175.6404883239173,585.3307168219508,0.0012077660540406408,7.888236870454539e-05,0.23868312757201646,0.9977788034594793
4.59539696153645,0.20255948287950187,1000.0,0.19781979248496245,8.598051582540617,3.380146342309004,11.97819792484962,2.5436921102851486,0.998586519458766,158.65393127679158,708.288047997901,0.000761086307272858,6.297873325960224e-05,0.28669410150891633,0.9990036809573521
4.732972962882689,0.21276698082898662,1000.0,0.19781979248496245,8.300395198013367,3.677802726836256,11.978197924849622,2.2568897285998775,0.9987446635082985,162.81580752370664,674.5572224991224,0.0008405639923664545,6.67373262267564e-05,0.27983539094650206,0.9988102442375089
5.210445312485533,0.24973088815195538,1000.0,0.19781979248496245,6.1855968537973425,5.792601071052278,11.97819792484962,1.0678444411974106,0.9987270551025451,177.2505352148309,575.4826048387127,0.0012788008840447377,8.046865668813572e-05,0.23182441700960219,0.9976213833214367
4.785565463211546,0.21672198048262814,1000.0,0.19781979248496245,8.17419344811224,3.804004476737384,11.978197924849624,2.148839071588863,0.9988014465774948,164.4061801942869,662.3419628856183,0.0008746269133794826,6.81969241146141e-05,0.27572016460905346,0.9987074145560896
0.0,0.0,0.0,0.0,0.0,0.0,0.0,0.0,0.0,0.0,0.0,0.0,0.0,0.0,0.0
0.0,0.0,0.0,0.0,0.0,0.0,0.0,0.0,0.0,0.0,0.0,0.0,0.0,0.0,0.0
5.187714257153088,0.24791773933192288,1000.0,0.19781979248496245,6.535685628452658,5.442512296396965,11.978197924849624,1.2008582199767177,0.9987838238012205,176.56325723542025,579.6533301245765,0.0012473554878395469,7.978985260619833e-05,0.2345679012345679,0.9976836018545562
0.0,0.0,0.0,0.0,0.0,0.0,0.0,0.0,0.0,0.0,0.0,0.0,0.0,0.0,0.0
5.205720556451844,0.2493535816807253,1000.0,0.19781979248496245,6.293641745920461,5.684556178929163,11.978197924849624,1.1071474267857506,0.9987398165235103,177.10767804017112,576.3455123626435,0.00127205628090463,8.03273581075736e-05,0.23319615912208502,0.997652434335158
5.03896286579269,0.2361834459932827,1000.0,0.19781979248496245,7.397062326730141,4.581135598119482,11.978197924849622,1.614678755583348,0.9989454940032305,172.06643913769472,608.1936633981654,0.0010766967544357407,7.541129215238517e-05,0.25377229080932784,0.998139382806482
0.0,0.0,0.0,0.0,0.0,0.0,0.0,0.0,0.0,0.0,0.0,0.0,0.0,0.0,0.0
3.971356556796243,0.1588226090814064,1000.0,0.19781979248496245,9.605987000473377,2.3722109243762453,11.978197924849622,4.049381487018992,0.9979519185916378,139.71489887812828,901.9084229655339,0.0005134475501305117,4.70403666040333e-05,0.27572016460905346,0.9991916245303007
4.315650577881816,0.18242792376933412,1000.0,0.19781979248496245,9.102787132532125,2.8754107923174996,11.978197924849624,3.1657344949990733,0.998290257971627,150.17957707058008,785.8770388972525,0.0006293818613147982,5.560493391661419e-05,0.29218106995884774,0.9992319989102076
4.1149434498995765,0.16850804645492634,1000.0,0.19781979248496245,9.408490633089624,2.5697072917599995,11.978197924849624,3.6613082989096877,0.9981046463555001,144.08505809145151,850.3670072947419,0.000555909747281538,5.054184166439112e-05,0.28669410150891633,0.9992591728606989
5.099237927725086,0.24091082729641877,1000.0,0.19781979248496245,7.131066248227872,4.847131676621749,11.97819792484962,1.471193011450832,0.9989154139300199,173.888468333541,596.36121585469,0.001139254722050789,7.717247054824226e-05,0.24691358024691357,0.997971791409462
4.877752726136384,0.2237246439309677,1000.0,0.19781979248496245,7.930725906128315,4.047472018721308,11.978197924849622,1.9594269878692872,0.9988865935623146,167.19332175734283,641.7731562841092,0.0009395949646896946,7.078654132546223e-05,0.2688614540466392,0.9985255130226125
5.15899501170544,0.2456345040000291,1000.0,0.19781979248496245,6.780521260647753,5.197676664201869,11.978197924849622,1.3045292538774993,0.9988405928877006,175.69497716698706,584.9929710178716,0.0012100173769165803,7.893595087649007e-05,0.23868312757201646,0.9977784749374218
4.742743450088243,0.21349952505685196,1000.0,0.19781979248496245,8.277545351409264,3.700652573440357,11.97819792484962,2.2367799157417103,0.9987555429192259,163.11128412334642,672.2605641958673,0.0008469327616328036,6.700748342206782e-05,0.2784636488340192,0.9987817817086643
5.0189551574976035,0.2346225320675645,1000.0,0.19781979248496245,7.474466403354593,4.503731521495031,11.978197924849624,1.6596163354056714,0.9989475783003468,171.46165112380672,612.2052855750766,0.0010576823378101593,7.483052175029355e-05,0.2565157750342935,0.9982044394428933
0.0,0.0,0.0,0.0,0.0,0.0,0.0,0.0,0.0,0.0,0.0,0.0,0.0,0.0,0.0
5.09449366574157,0.2405373762046421,1000.0,0.19781979248496245,7.154290366599469,4.823907558250156,11.978197924849624,1.483090270741972,0.9989192809191068,173.74505208049737,597.2790288692145,0.0011342914899403712,7.703313389858961e-05,0.24691358024691357,0.9979736377783265
4.620922341198986,0.2044381653064853,1000.0,0.19781979248496245,8.545871465354914,3.432326459494708,11.97819792484962,2.4898189511416695,0.9986160703246351,159.42632688388997,701.82698646373,0.0007749002643441252,6.366956418987527e-05,0.2848651120256058,0.9989611361424152
4.161997003406983,0.17173169785625406,1000.0,0.19781979248496245,9.340176227765554,2.6380216970840706,11.978197924849624,3.5405987138353296,0.9981485711050461,145.51520591225702,834.5017800578335,0.0005717765610388189,5.171127813069224e-05,0.289437585733882,0.9992706882697255
4.933964202252035,0.2280381533072545,1000.0,0.19781979248496245,7.764211587280381,4.213986337569241,11.978197924849622,1.8424861794305247,0.9989240795973671,168.89256113351135,629.7319177232504,0.0009833187074536232,7.238522002964798e-05,0.26474622770919065,0.9984130422602868
3.59425080344412,0.13449149540424413,1000.0,0.19781979248496245,10.06007424657442,1.9181236782752045,11.978197924849624,5.24474743756906,0.9981886281993246,128.18419685723111,1064.1367755632564,0.0004376484179852227,3.834896479891988e-05,0.21810699588477364,0.9986047499153541
5.2058200916246165,0.24936152794219865,1000.0,0.19781979248496245,6.29176412300622,5.686433801843402,11.978197924849622,1.1064516606113632,0.9987395526908357,177.11068755608005,576.3273121820862,0.0012720852299602618,8.033046762626838e-05,0.23319615912208502,0.9976524386223838
5.146374827920288,0.2446338491120255,1000.0,0.19781979248496245,6.866550067139567,5.111647857710057,11.978197924849624,1.3433143789008346,0.9988609080979007,175.3134426007412,587.3645469167686,0.0011954760731847777,7.856153297767703e-05,0.24142661179698216,0.9978407905529368
0.0,0.0,0.0,0.0,0.0,0.0,0.0,0.0,0.0,0.0,0.0,0.0,0.0,0.0,0.0
5.166636134606533,0.24624116283269148,1000.0,0.19781979248496245,6.723474566576197,5.254723358273427,11.978197924849624,1.2795106627240915,0.9988269734466103,175.9259889516084,583.5645606588324,0.0012196687200681858,7.916268563108125e-05,0.23868312757201646,0.9977772545020663
5.0105348033494765,0.23396685118310404,1000.0,0.19781979248496245,7.505803188273635,4.472394736575988,11.978197924849624,1.6782515029118357,0.9989475103274144,171.2071238447036,613.9063818546682,0.0010496773173761483,7.458669279809901e-05,0.2565157750342935,0.9982092694849759
4.293011036747452,0.18083571182383298,1000.0,0.19781979248496245,9.13925771605255,2.8389402087970725,11.978197924849622,3.2192498058721264,0.9982689525891415,149.492831841461,792.7507821850968,0.0006201122070102069,5.502424116982566e-05,0.29218106995884774,0.9992429437511365
5.06618137181033,0.23831355644107405,1000.0,0.19781979248496245,7.283988339209979,4.694209585639645,11.978197924849624,1.5516964477881199,0.9989366934384908,172.88920381175691,602.8039724882622,0.001104418153159504,7.620424292508104e-05,0.2510288065843621,0.9980706054605103
5.192422731092951,0.24829287800272798,1000.0,0.19781979248496245,6.484006153526821,5.494191771322802,11.978197924849624,1.1801565040686062,0.9987730064946616,176.70561572166187,578.785413332577,0.0012534295980225069,7.993031003781092e-05,0.2345679012345679,0.9976834009779355
5.121222548013623,0.24264440034905305,1000.0,0.19781979248496245,7.0164066232568985,4.961791301592724,11.978197924849622,1.4140874125448701,0.9988939473759316,174.5530624151267,592.137693991321,0.0011643805199072531,7.781916099835103e-05,0.24417009602194786,0.9979063480046804
5.202143997641708,0.2490681189599501,1000.0,0.19781979248496245,6.354754136253182,5.623443788596441,11.978197924849622,1.130046707168966,0.9987491477530985,176.99953877859693,577.0001087144443,0.0012672973699626817,8.022040123170666e-05,0.23319615912208502,0.9976523188967188
4.734751041977425,0.2129002176961232,1000.0,0.19781979248496245,8.296256051270559,3.6819418735790643,11.978197924849622,2.2532284148217987,0.9987466477295653,162.8695805294616,674.1383249697201,0.0008418881141260149,6.678634934551249e-05,0.27983539094650206,0.9988090204620725
4.97195273185839,0.23097191598634637,1000.0,0.19781979248496245,7.641399389517672,4.336798535331952,11.978197924849624,1.761990861983349,0.9989403776204328,170.04087983188603,621.7992461656368,0.0010150244802061342,7.347399040705625e-05,0.2600213382106386,0.9983002406705369
4.8202930624825555,0.2193494737959872,1000.0,0.19781979248496245,8.086157011380642,3.89204091346898,11.978197924849622,2.077613568602865,0.998836133935765,165.45618713842492,654.4703266783641,0.0008979455786108067,6.916799970587734e-05,0.2729766803840878,0.9986371376426224
4.68368939060243,0.20908730678723064,1000.0,0.19781979248496245,8.411915445570044,3.56628247927958,11.978197924849622,2.3587350397631215,0.9986888120041748,161.32521368036407,686.3371183683606,0.0008106518735266732,6.538097808655424e-05,0.28257887517146774,0.9988860219547747
5.213387401819165,0.24996595087009155,1000.0,0.19781979248496245,6.058993702504942,5.919204222344682,11.978197924849624,1.0236162624078018,0.9987188714069327,177.3394927790868,574.9463287190327,0.0012830608774173288,8.055665944298983e-05,0.23182441700960219,0.9976215856259478
5.022313817342964,0.23488427082213026,1000.0,0.19781979248496245,7.461770984382291,4.516426940467331,11.978197924849622,1.6521403053206911,0.9989474726094331,171.56317555912926,611.5288838215125,0.0010618886958873087,7.492734810361728e-05,0.2551440329218107,0.9981756574427723
3.828151081120811,0.14939267614882257,1000.0,0.19781979248496245,9.78842254615,2.189775378699622,11.978197924849622,4.470057815684624,0.9980798774383299,135.3461272646299,958.511244814194,0.0004788325294441101,4.3652061256794574e-05,0.25925925925925924,0.9990521088241475
4.390097866883997,0.18770299179760014,1000.0,0.19781979248496245,8.978781536797065,2.9994163880525573,11.978197924849622,2.9935095282408435,0.9983629217578189,152.436751359849,763.9372183236445,0.0006606401424219602,5.7531931793663856e-05,0.29218106995884774,0.9991946473604475
4.734520780429414,0.21288296161846657,1000.0,0.19781979248496245,8.296792548401257,3.681405376448365,11.978197924849622,2.2537025130347326,0.9987463908175575,162.86261693596788,674.1925486252012,0.0008417419162916552,6.678006466276215e-05,0.27983539094650206,0.998809178985609
5.204253527922879,0.24923647510853614,1000.0,0.19781979248496245,6.320079978569153,5.65811794628047,11.978197924849622,1.1169933250903408,0.9987436793220918,177.0633214905411,576.613868773411,0.0012699531530245265,8.028363627189566e-05,0.23319615912208502,0.9976523778025225
0.0,0.0,0.0,0.0,0.0,0.0,0.0,0.0,0.0,0.0,0.0,0.0,0.0,0.0,0.0
5.213383480595833,0.24996563751909814,1000.0,0.19781979248496245,6.0593145833507736,5.918883341498849,11.978197924849622,1.0237259688609377,0.9987188824352133,177.33937421578221,574.9470429319668,0.0012830426785148058,8.055661753943901e-05,0.23182441700960219,0.9976215853260799
0.0,0.0,0.0,0.0,0.0,0.0,0.0,0.0,0.0,0.0,0.0,0.0,0.0,0.0,0.0
5.005137566419733,0.2335469621845924,1000.0,0.19781979248496245,7.525535169119832,4.452662755729789,11.97819792484962,1.6901201779622315,0.998947175701163,171.04397838216755,615.0007575757019,0.0010452048574787047,7.443036442215053e-05,0.2578875171467764,0.9982390332390665
5.1678177073750335,0.24633502597816284,1000.0,0.19781979248496245,6.714247432933615,5.263950491916009,11.978197924849624,1.2755149280459355,0.9988247750770132,175.96171141462818,583.3441834318224,0.0012209588506232436,7.919792833573304e-05,0.2373113854595336,0.9977468159822769
4.445753485935223,0.19168574679380615,1000.0,0.19781979248496245,8.881635437336783,3.0965624875128386,11.978197924849622,2.868224191552007,0.9984202045439353,154.12316930319864,748.1723808888784,0.0006860069568117039,5.898919563075869e-05,0.2908093278463649,0.9991474556109768
5.211578237411773,0.24982139444474974,1000.0,0.19781979248496245,6.149179659359182,5.829018265490441,11.978197924849622,1.0549254401490202,0.9987239249913906,177.28479046328508,575.2760027440754,0.0012813719663193023,8.050213978002312e-05,0.23182441700960219,0.9976214559281369
