Mc,eta,DL,z,m1,m2,M_tot,q,full_faith,snr,inspiral_t,Mc_full_bias,Mc_stat_err,Mc_max_lam,Mc_min_faith
3.5961645605880577,0.24392148371552716,1000.0,0.19781979248496245,4.846084073430306,3.5386544739644297,8.384738547394736,1.3694708282725143,0.9992788393573692,131.2692877257237,1065.1857461533916,4.655752999299602e-05,1.0683926417382951e-05,0.7421124828532235,0.9995685825061476
0.0,0.0,0.0,0.0,0.0,0.0,0.0,0.0,0.0,0.0,0.0,0.0,0.0,0.0,0.0
0.0,0.0,0.0,0.0,0.0,0.0,0.0,0.0,0.0,0.0,0.0,0.0,0.0,0.0,0.0
3.5896761583457213,0.24318843018840042,1000.0,0.19781979248496245,4.884380485777739,3.5003580616169976,8.384738547394736,1.3953945281590392,0.9992904617386019,131.06256785647992,1068.374491247828,4.602108967840862e-05,1.0641957939200591e-05,0.7434842249657064,0.999576216971146
3.5524285891199368,0.23899733183247412,1000.0,0.19781979248496245,5.071874718827771,3.312863828566966,8.384738547394736,1.5309638371166299,0.9993411324748126,129.87561090146082,1086.9811856129727,4.334760740755443e-05,1.0402934395599558e-05,0.747599451303155,0.9995982778351351
3.205433628538489,0.20137031051050006,1000.0,0.19781979248496245,6.041383587820301,2.343354959574436,8.384738547394736,2.578091536297789,0.9992177732835132,118.79023543094138,1288.7206218221402,2.790583755304303e-05,8.327272498499868e-06,0.7709190672153634,0.9998218523390614
3.2687730544653104,0.20804569830935846,1000.0,0.19781979248496245,5.9097942457675865,2.4749443016271493,8.384738547394736,2.3878493919569013,0.9992739211010205,120.81829216186836,1247.6053564106726,2.9985623036677566e-05,8.686257655708436e-06,0.7681755829903977,0.9997893718746355
0.0,0.0,0.0,0.0,0.0,0.0,0.0,0.0,0.0,0.0,0.0,0.0,0.0,0.0,0.0
3.6096070939594633,0.2454430151943124,1000.0,0.19781979248496245,4.758384761981216,3.626353785413522,8.384738547394738,1.312167825743071,0.9992517734021295,131.69752589701577,1058.6279611767443,4.7633194267763385e-05,1.0771140060458397e-05,0.7407407407407407,0.9995639211657853
3.2134784976835546,0.2022133335751853,1000.0,0.19781979248496245,6.025286668111846,2.35945187928289,8.384738547394736,2.5536806751672834,0.9992250835939379,119.04795856364927,1283.3784819498499,2.8163159742556254e-05,8.372359660033478e-06,0.7709190672153634,0.999819268919781
0.0,0.0,0.0,0.0,0.0,0.0,0.0,0.0,0.0,0.0,0.0,0.0,0.0,0.0,0.0
0.0,0.0,0.0,0.0,0.0,0.0,0.0,0.0,0.0,0.0,0.0,0.0,0.0,0.0,0.0
0.0,0.0,0.0,0.0,0.0,0.0,0.0,0.0,0.0,0.0,0.0,0.0,0.0,0.0,0.0
3.4924660176320983,0.23231171275611107,1000.0,0.19781979248496245,5.3075170330804085,3.0772215143143273,8.384738547394736,1.7247757460395372,0.9993780276820492,127.96381776773163,1118.0521944617037,3.965843949300615e-05,1.0024854842792475e-05,0.7530864197530863,0.999638006605477
3.648681085731879,0.24988717496315263,1000.0,0.19781979248496245,4.281431237496992,4.103307309897744,8.384738547394736,1.0434098433645438,0.9991462189709399,132.94201592562308,1039.9309723534548,5.11316292342843e-05,1.1027247127931926e-05,0.7352537722908092,0.9995474341122661
0.0,0.0,0.0,0.0,0.0,0.0,0.0,0.0,0.0,0.0,0.0,0.0,0.0,0.0,0.0
3.509673935092391,0.23422257018821335,1000.0,0.19781979248496245,5.245561520685852,3.1391770267088845,8.384738547394736,1.6709989516536767,0.9993720582485279,128.5125916475808,1108.9905596047108,4.058685438332419e-05,1.013258006791716e-05,0.7517146776406035,0.9996268160218477
0.0,0.0,0.0,0.0,0.0,0.0,0.0,0.0,0.0,0.0,0.0,0.0,0.0,0.0,0.0
3.503495843358113,0.2335358020800964,1000.0,0.19781979248496245,5.268239314481013,3.116499232913723,8.384738547394736,1.6904349787230828,0.9993745945907243,128.31558016563844,1112.2302683492865,4.0287990469741125e-05,1.0093779488420611e-05,0.7517146776406035,0.9996275247243124
3.4268543264022266,0.22508343295584846,1000.0,0.19781979248496245,5.515898780539993,2.8688397668547414,8.384738547394734,1.9226932240232295,0.9993751689599755,125.87034264448762,1153.7218479663054,3.627486824308947e-05,9.620650978673427e-06,0.7585733882030177,0.9996871471523916
3.231513794836445,0.20410837040710422,1000.0,0.19781979248496245,5.988575778406341,2.3961627689883933,8.384738547394734,2.499235801470442,0.9992413400259639,119.62558617871511,1271.530948038174,2.8759584356606777e-05,8.47401303382559e-06,0.7695473251028805,0.9998076867608416
3.560390198462446,0.23989072278682877,1000.0,0.19781979248496245,5.035411984861897,3.3493265625328394,8.384738547394736,1.5034102799023574,0.999332427386658,130.1293583716693,1082.9603849219181,4.39011498589158e-05,1.0453722632513486e-05,0.746227709190672,0.999589582993533
3.5720768985556792,0.24120452881875387,1000.0,0.19781979248496245,4.978725047581244,3.4060134998134926,8.384738547394736,1.4617455414824017,0.9993175699812833,130.50179237605045,1077.1015706801804,4.47384989990206e-05,1.0528567482939429e-05,0.7448559670781892,0.9995817924469425
3.3452387675967015,0.21622006499290777,1000.0,0.19781979248496245,5.7334270802428815,2.6513114671518565,8.384738547394738,2.162487188426019,0.999333574974672,123.26359613175818,1200.7154350800272,3.272706643251655e-05,9.131381532429578e-06,0.7640603566529491,0.9997436041029979
3.1662292240680294,0.1972822656322071,1000.0,0.19781979248496245,6.117533991051504,2.26720455634323,8.384738547394734,2.698271743471821,0.9991817893971581,117.53370032413297,1315.2736101832027,2.670965766631578e-05,8.109419283591816e-06,0.7722908093278462,0.9998396809818094
0.0,0.0,0.0,0.0,0.0,0.0,0.0,0.0,0.0,0.0,0.0,0.0,0.0,0.0,0.0
3.6381781905131154,0.248689472897503,1000.0,0.19781979248496245,4.495906896399363,3.888831650995373,8.384738547394736,1.1561073607412666,0.9991790080910362,132.60754376191557,1044.9040347283287,5.01536856120193e-05,1.095802545029469e-05,0.7366255144032922,0.9995498795445729
3.612566105013412,0.24577844737726978,1000.0,0.19781979248496245,4.737154885002641,3.647583662392095,8.384738547394736,1.2987104131001626,0.9992452378765497,131.7917839367117,1057.1931752147045,4.7807243692882576e-05,1.0790456562053422e-05,0.7407407407407407,0.9995651958516005
3.6496681977706893,0.24999985900643412,1000.0,0.19781979248496245,4.19551766839438,4.1892208790003576,8.384738547394736,1.0015030931946287,0.9991429618633665,132.97344973271336,1039.4655415764219,5.11668307284106e-05,1.1033791227792755e-05,0.7352537722908092,0.9995481732098661
3.1854093511568133,0.1992780857520631,1000.0,0.19781979248496245,6.0807403626404,2.3039981847543376,8.384738547394738,2.6392123061888415,0.9991994495611362,118.1485648570931,1302.1740977587435,2.7285392406121588e-05,8.215571809320801e-06,0.7722908093278462,0.999833626051506
0.0,0.0,0.0,0.0,0.0,0.0,0.0,0.0,0.0,0.0,0.0,0.0,0.0,0.0,0.0
3.634364009859956,0.24825509108610413,1000.0,0.19781979248496245,4.542617468530423,3.8421210788643125,8.384738547394736,1.1823202276262386,0.9991900389382122,132.48607125096652,1046.719519581888,4.981857301728198e-05,1.0932976090268014e-05,0.737997256515775,0.9995572401950708
0.0,0.0,0.0,0.0,0.0,0.0,0.0,0.0,0.0,0.0,0.0,0.0,0.0,0.0,0.0
3.3112568432906544,0.21257176233329853,1000.0,0.19781979248496245,5.814512563120826,2.5702259842739106,8.384738547394736,2.262257326280758,0.999308670711337,122.17727275406442,1221.197286364749,3.144458670876254e-05,8.931928279384229e-06,0.765432098765432,0.9997620460567896
3.6478928952778857,0.24979721345901257,1000.0,0.19781979248496245,4.311770582881075,4.072967964513661,8.384738547394736,1.0586311064678184,0.9991487985740389,132.91691643947414,1040.3028512807164,5.1062183055196916e-05,1.1022010219230898e-05,0.7352537722908092,0.9995468485262688
0.0,0.0,0.0,0.0,0.0,0.0,0.0,0.0,0.0,0.0,0.0,0.0,0.0,0.0,0.0
3.6371211177130736,0.24856905666962725,1000.0,0.19781979248496245,4.509545583775456,3.87519296361928,8.384738547394736,1.1636957504081848,0.9991821106146811,132.57387891646658,1045.4066747891247,5.001868874426245e-05,1.0951086624882263e-05,0.737997256515775,0.9995589584162385
3.589719375309922,0.24319330988013985,1000.0,0.19781979248496245,4.884132568889566,3.500605978505172,8.384738547394738,1.3952248836000636,0.9992903872394409,131.06394478671052,1068.3532012816981,4.607154765295604e-05,1.0642230980373345e-05,0.7434842249657064,0.9995762291970803
0.0,0.0,0.0,0.0,0.0,0.0,0.0,0.0,0.0,0.0,0.0,0.0,0.0,0.0,0.0
3.62983398296452,0.24773957910061942,1000.0,0.19781979248496245,4.591012309998493,3.7937262373962426,8.384738547394736,1.210159094966603,0.9992025810892048,132.3417956690351,1048.8823467761028,4.938171534145451e-05,1.0903256242317621e-05,0.737997256515775,0.999554541572596
0.0,0.0,0.0,0.0,0.0,0.0,0.0,0.0,0.0,0.0,0.0,0.0,0.0,0.0,0.0
0.0,0.0,0.0,0.0,0.0,0.0,0.0,0.0,0.0,0.0,0.0,0.0,0.0,0.0,0.0
0.0,0.0,0.0,0.0,0.0,0.0,0.0,0.0,0.0,0.0,0.0,0.0,0.0,0.0,0.0
3.3269924121622068,0.2142580471858343,1000.0,0.19781979248496245,5.777549563158961,2.6071889842357736,8.384738547394734,2.2160072008943734,0.9993206059264934,122.68037703422362,1211.6436605516096,3.2041863371413845e-05,9.023924652243949e-06,0.765432098765432,0.9997567535681177
3.5499692294342795,0.2387216308874032,1000.0,0.19781979248496245,5.0828257090631,3.3019128383316376,8.384738547394738,1.5393579291545767,0.9993436342630718,129.79722348542816,1088.228083788277,4.317772981734429e-05,1.0387269828168073e-05,0.747599451303155,0.999598118922721
3.6425746094776206,0.24919054028232837,1000.0,0.19781979248496245,4.430923516772129,3.953815030622607,8.384738547394736,1.120670411350627,0.9991657115865462,132.7475543694944,1042.8177014032392,5.0544551679938734e-05,1.0986901387352408e-05,0.7366255144032922,0.9995528357984973
3.25365798380097,0.20644480408789007,1000.0,0.19781979248496245,5.942254283264269,2.442484264130467,8.384738547394736,2.4328731081425135,0.9992609037422179,120.33454225875182,1257.2232616476576,2.9451093436417837e-05,8.599768400048885e-06,0.7681755829903977,0.9997943745637562
3.447795779864916,0.2273805684658943,1000.0,0.19781979248496245,5.453413645224071,2.9313249021706667,8.384738547394738,1.860392084543675,0.999379885121298,126.5387141996922,1142.1402483987843,3.725229856641786e-05,9.748597304638617e-06,0.7572016460905349,0.9996732267957449
3.409960154760243,0.22323706234639135,1000.0,0.19781979248496245,5.5640606749714765,2.8206778724232615,8.384738547394738,1.9725969878975786,0.9993693101598584,125.33100661382686,1163.2035882506377,3.5548769618686644e-05,9.518079503369988e-06,0.7599451303155006,0.9997001314946262
0.0,0.0,0.0,0.0,0.0,0.0,0.0,0.0,0.0,0.0,0.0,0.0,0.0,0.0,0.0
3.607522690459,0.24520683815168084,1000.0,0.19781979248496245,4.772867065350413,3.6118714820443234,8.384738547394736,1.3214387857036831,0.9992562489540333,131.63112659943,1059.6405457798262,4.746642748712222e-05,1.0757547464269484e-05,0.7407407407407407,0.9995630590244586
0.0,0.0,0.0,0.0,0.0,0.0,0.0,0.0,0.0,0.0,0.0,0.0,0.0,0.0,0.0
3.6412224759646628,0.24903639235851374,1000.0,0.19781979248496245,4.452648581248893,3.9320899661458446,8.384738547394738,1.1323872595960183,0.9991698690443159,132.70449417749623,1043.4586449910073,5.042876969246638e-05,1.0978041763870476e-05,0.7366255144032922,0.9995519083436466
3.3349013248166464,0.21510760857836478,1000.0,0.19781979248496245,5.758596945989996,2.62614160140474,8.384738547394736,2.1927975791212804,0.9993263200141457,122.93319526594654,1206.8872236233165,3.236166308602981e-05,9.070337007750939e-06,0.7640603566529491,0.9997470860757275
3.5551658040518586,0.23930433076566698,1000.0,0.19781979248496245,5.059517833044991,3.3252207143497445,8.384738547394736,1.5215584972182494,0.9993382518995044,129.96285206749823,1085.5961186009922,4.355699724219349e-05,1.0420357536535714e-05,0.747599451303155,0.9995984787393937
3.4406107062219466,0.22659136328347673,1000.0,0.19781979248496245,5.475224317040956,2.9095142303537807,8.384738547394736,1.881834520663334,0.9993785905870585,126.30941493700418,1146.092749170954,3.694321923822675e-05,9.704560681132311e-06,0.7572016460905349,0.9996751233324224
3.5232181030546563,0.23573098613748986,1000.0,0.19781979248496245,5.193951259756791,3.1907872876379444,8.384738547394736,1.6277961492073438,0.9993649731792474,128.94444935661198,1101.9411352991222,4.144439432383933e-05,1.021776413925791e-05,0.7503429355281206,0.9996166293666912
3.6374444444337666,0.24860588588923874,1000.0,0.19781979248496245,4.505437279237931,3.8793012681568073,8.384738547394738,1.161404327171172,0.9991811654254138,132.58417600999493,1045.2528909860116,5.0047471641154954e-05,1.095321130891133e-05,0.737997256515775,0.999559163966472
3.5650688608870373,0.24041634835311512,1000.0,0.19781979248496245,5.0132027019082495,3.3715358454864868,8.384738547394736,1.4869195914436089,0.9993267774175408,130.27846414932458,1080.608714484598,4.422488777680426e-05,1.0483701307274026e-05,0.746227709190672,0.9995901594874734
3.4833672441359127,0.23130386925818433,1000.0,0.19781979248496245,5.338846396797715,3.0458921505970196,8.384738547394734,1.7528021784196324,0.9993798980376273,127.67360563861516,1122.891882398602,3.913715767782052e-05,9.968225383045076e-06,0.753543667123914,0.9996425002097258
3.0862162094309955,0.18904333555652086,1000.0,0.19781979248496245,6.262511204808427,2.1222273425863096,8.384738547394736,2.9509143903388075,0.999107172074597,114.96596204301,1372.2773238988614,2.4584272695409514e-05,7.675066607645721e-06,0.775034293552812,0.9998740275734623
0.0,0.0,0.0,0.0,0.0,0.0,0.0,0.0,0.0,0.0,0.0,0.0,0.0,0.0,0.0
3.3087931127207875,0.21230822209639127,1000.0,0.19781979248496245,5.820213474536187,2.564525072858551,8.384738547394738,2.269509288926031,0.9993067547014146,122.09848942228759,1222.7040829839684,3.134453060057649e-05,8.917584412882074e-06,0.765432098765432,0.9997628783927991
0.0,0.0,0.0,0.0,0.0,0.0,0.0,0.0,0.0,0.0,0.0,0.0,0.0,0.0,0.0
0.0,0.0,0.0,0.0,0.0,0.0,0.0,0.0,0.0,0.0,0.0,0.0,0.0,0.0,0.0
0.0,0.0,0.0,0.0,0.0,0.0,0.0,0.0,0.0,0.0,0.0,0.0,0.0,0.0,0.0
0.0,0.0,0.0,0.0,0.0,0.0,0.0,0.0,0.0,0.0,0.0,0.0,0.0,0.0,0.0
0.0,0.0,0.0,0.0,0.0,0.0,0.0,0.0,0.0,0.0,0.0,0.0,0.0,0.0,0.0
3.615988785239603,0.2461666694183024,1000.0,0.19781979248496245,4.7115011084279566,3.673237438966778,8.384738547394734,1.282656290727894,0.9992374060504094,131.900808847119,1055.5374663702326,4.819434645528638e-05,1.0812683999863428e-05,0.7407407407407407,0.9995667453030617
3.5061974335054815,0.2338360165924558,1000.0,0.19781979248496245,5.258385273324319,3.1263532740704156,8.384738547394734,1.6819549207495874,0.9993735426728048,128.40173216598157,1110.8117175647583,4.0508990645234816e-05,1.011066070673417e-05,0.7517146776406035,0.9996271973336438
0.0,0.0,0.0,0.0,0.0,0.0,0.0,0.0,0.0,0.0,0.0,0.0,0.0,0.0,0.0
3.6266891641404126,0.24738195435532273,1000.0,0.19781979248496245,4.62138985997091,3.7633486874238287,8.384738547394738,1.2279993813526875,0.9992109495487715,132.24163391744943,1050.388054955025,4.909244877817059e-05,1.088264202934646e-05,0.7393689986282579,0.9995624946976229
0.0,0.0,0.0,0.0,0.0,0.0,0.0,0.0,0.0,0.0,0.0,0.0,0.0,0.0,0.0
3.391804899379336,0.22125965469839587,1000.0,0.19781979248496245,5.613832130135632,2.770906417259104,8.384738547394736,2.025991240688909,0.9993612321370093,124.75126853092611,1173.5337439577174,3.4720172218109585e-05,9.408613117930634e-06,0.7613168724279834,0.9997135376513206
0.0,0.0,0.0,0.0,0.0,0.0,0.0,0.0,0.0,0.0,0.0,0.0,0.0,0.0,0.0
3.6496012167354115,0.24999221212548123,1000.0,0.19781979248496245,4.215768365305065,4.168970182089672,8.384738547394736,1.0112253581031696,0.9991431838250844,132.97131678222743,1039.4971130234462,5.123118988527043e-05,1.1033255918765864e-05,0.7352537722908092,0.9995481228493983
0.0,0.0,0.0,0.0,0.0,0.0,0.0,0.0,0.0,0.0,0.0,0.0,0.0,0.0,0.0
0.0,0.0,0.0,0.0,0.0,0.0,0.0,0.0,0.0,0.0,0.0,0.0,0.0,0.0,0.0
3.360601727728333,0.21787757633672533,1000.0,0.19781979248496245,5.69514329195781,2.6895952554369247,8.384738547394734,2.1174722406448603,0.9993436315872283,123.75452114048613,1191.6366517361482,3.3356753850695826e-05,9.22224707741448e-06,0.7626886145404662,0.99973121095207
3.3302226587649493,0.21460487209184345,1000.0,0.19781979248496245,5.76983985257395,2.6148986948207877,8.384738547394738,2.2065251950303133,0.9993229536304414,122.78363979304696,1209.6973440311215,3.2163519936738314e-05,9.042882623728147e-06,0.7640603566529491,0.9997486667615189
3.456825867551536,0.2283739850547179,1000.0,0.19781979248496245,5.425411002731854,2.9593275446628837,8.384738547394738,1.8333256190300822,0.9993808958017821,126.82686346707497,1137.2038514078272,3.772814894018701e-05,9.804112157939379e-06,0.755829903978052,0.9996625720150615
0.0,0.0,0.0,0.0,0.0,0.0,0.0,0.0,0.0,0.0,0.0,0.0,0.0,0.0,0.0
0.0,0.0,0.0,0.0,0.0,0.0,0.0,0.0,0.0,0.0,0.0,0.0,0.0,0.0,0.0
0.0,0.0,0.0,0.0,0.0,0.0,0.0,0.0,0.0,0.0,0.0,0.0,0.0,0.0,0.0
0.0,0.0,0.0,0.0,0.0,0.0,0.0,0.0,0.0,0.0,0.0,0.0,0.0,0.0,0.0
3.588777952261155,0.24308702126885415,1000.0,0.19781979248496245,4.889512698073465,3.4952258493212716,8.384738547394736,1.3989118039462158,0.9992920011290563,131.03395009795292,1068.817129146699,4.5973850799015104e-05,1.0636129498964538e-05,0.7434842249657064,0.9995759655120772
0.0,0.0,0.0,0.0,0.0,0.0,0.0,0.0,0.0,0.0,0.0,0.0,0.0,0.0,0.0
3.5612418120533333,0.23998636328149464,1000.0,0.19781979248496245,5.031414635262836,3.3533239121319,8.384738547394736,1.50042607487449,0.999331430566883,130.15649924334411,1082.5317187168714,4.3961685337888946e-05,1.045917567875042e-05,0.746227709190672,0.999589677435944
0.0,0.0,0.0,0.0,0.0,0.0,0.0,0.0,0.0,0.0,0.0,0.0,0.0,0.0,0.0
3.534510798759625,0.23699161460557044,1000.0,0.19781979248496245,5.14868483460744,3.2360537127872955,8.384738547394736,1.5910381259317068,0.9993571797761089,129.30446872054335,1096.1185579051855,4.213472026030646e-05,1.0289089331387713e-05,0.7489711934156378,0.9996070782455507
3.647976144450546,0.24980671463779427,1000.0,0.19781979248496245,4.30893986723225,4.075798680162486,8.384738547394736,1.0572013500579645,0.9991485269846733,132.9195674706113,1040.2635630731704,5.102542486536257e-05,1.1022546063924956e-05,0.7366255144032922,0.9995566810103749
3.637824512852413,0.24864918118361448,1000.0,0.19781979248496245,4.500537654006896,3.884200893387838,8.384738547394734,1.1586778793208823,0.9991800501138154,132.59628013961134,1045.0721657486706,5.0071279903699016e-05,1.0955770178557553e-05,0.737997256515775,0.9995594067156945
3.4328097588084745,0.2257357540128948,1000.0,0.19781979248496245,5.498458734618167,2.8862798127765714,8.384738547394738,1.905033153846822,0.9993768127966753,126.0604364250764,1150.4090389286557,3.640845126974299e-05,9.657068231326889e-06,0.7585733882030177,0.999685478050428
3.5226277985755323,0.23566516313078906,1000.0,0.19781979248496245,5.196258752157821,3.188479795236915,8.384738547394736,1.6296978766872572,0.9993653317145834,128.9256287856507,1102.2468691551908,4.143959345381831e-05,1.0214048131823592e-05,0.7503429355281206,0.999616664299475
3.647962175396955,0.2498051203478868,1000.0,0.19781979248496245,4.309419638841839,4.075318908552897,8.384738547394736,1.0574435364549344,0.9991485725711295,132.9191226327298,1040.2701553930876,5.104733433447322e-05,1.10223817148049e-05,0.7352537722908092,0.999546899841025
3.649302090589994,0.24995806357091455,1000.0,0.19781979248496245,4.246667450664057,4.1380710967306795,8.384738547394736,1.0262432305764815,0.999144173371434,132.961791366576,1039.6381247072609,5.1170955415525353e-05,1.1031307106131168e-05,0.7352537722908092,0.9995478983233068
3.3770084492281565,0.21965328552376076,1000.0,0.19781979248496245,5.6530165872143625,2.7317219601803737,8.384738547394736,2.069396764977171,0.9993533870551559,124.27867181613392,1182.0624821547794,3.402905835668351e-05,9.320046201385495e-06,0.7613168724279834,0.9997183009209045
0.0,0.0,0.0,0.0,0.0,0.0,0.0,0.0,0.0,0.0,0.0,0.0,0.0,0.0,0.0
3.5252866284426037,0.2359616989581046,1000.0,0.19781979248496245,5.185821072958437,3.1989174744363016,8.384738547394738,1.6211174919016187,0.9993636772947931,129.0103988030463,1100.870870097177,4.154282511209832e-05,1.0230778142910003e-05,0.7503429355281206,0.9996165196639972
0.0,0.0,0.0,0.0,0.0,0.0,0.0,0.0,0.0,0.0,0.0,0.0,0.0,0.0,0.0
3.6459202832335804,0.2495721227096616,1000.0,0.19781979248496245,4.365809225199375,4.018929322195361,8.384738547394736,1.086311521102971,0.9991551734240168,132.8540990018727,1041.2344961991248,5.084741484080686e-05,1.1009021194185019e-05,0.008230452674897118,0.9996966543555666
3.5144049783023013,0.2347490269476805,1000.0,0.19781979248496245,5.2278411357315955,3.156897411663143,8.384738547394738,1.6560060255418376,0.9993698254271652,128.6634491488681,1106.5199270303785,4.0861616104370755e-05,1.0162284998112626e-05,0.7517146776406035,0.999626354314503
0.0,0.0,0.0,0.0,0.0,0.0,0.0,0.0,0.0,0.0,0.0,0.0,0.0,0.0,0.0
3.4791300843539936,0.23083513027456645,1000.0,0.19781979248496245,5.353129345605719,3.0316092017890153,8.384738547394734,1.7657715718921578,0.9993804824474617,127.53844738914454,1125.1571765848992,3.867221116270463e-05,9.942101780280632e-06,0.755829903978052,0.9996577542171728
3.6052614884087157,0.24495073149221702,1000.0,0.19781979248496245,4.788173744857232,3.596564802537504,8.384738547394736,1.3313186353486544,0.9992609862579269,131.55909391073806,1060.7407833558036,4.731659345775152e-05,1.074284803464619e-05,0.7407746109163575,0.9995623968745379
3.6430883775174965,0.24924912162850532,1000.0,0.19781979248496245,4.422129220752102,3.9626093266426343,8.384738547394736,1.1159639662229335,0.999164116335768,132.76391575676374,1042.5743293851792,5.059298139579332e-05,1.0990375727584062e-05,0.7366255144032922,0.9995531921926375
3.4380644362748645,0.22631194562264545,1000.0,0.19781979248496245,5.482858017117599,2.901880530277137,8.384738547394736,1.8894154876162224,0.9993780566714323,126.2281498961709,1147.4987378009687,3.682353302063063e-05,9.689010069360112e-06,0.7572016460905349,0.9996758093318268
0.0,0.0,0.0,0.0,0.0,0.0,0.0,0.0,0.0,0.0,0.0,0.0,0.0,0.0,0.0
0.0,0.0,0.0,0.0,0.0,0.0,0.0,0.0,0.0,0.0,0.0,0.0,0.0,0.0,0.0
3.5248248265496263,0.2359101840920696,1000.0,0.19781979248496245,5.187642186209598,3.1970963611851393,8.384738547394738,1.6226105190919484,0.9993639718963101,128.99567560559635,1101.1096634458072,4.147581026402549e-05,1.022792221834338e-05,0.7503429355281206,0.999616542469766
3.641400765393458,0.24905671578977473,1000.0,0.19781979248496245,4.449889181024064,3.9348493663706727,8.384738547394736,1.1308918758250817,0.9991693242754147,132.71017202973508,1043.3740952148453,5.042396711054493e-05,1.0979235592658183e-05,0.7366255144032922,0.9995520297414162
0.0,0.0,0.0,0.0,0.0,0.0,0.0,0.0,0.0,0.0,0.0,0.0,0.0,0.0,0.0
0.0,0.0,0.0,0.0,0.0,0.0,0.0,0.0,0.0,0.0,0.0,0.0,0.0,0.0,0.0
3.3572370191016425,0.21751412462513467,1000.0,0.19781979248496245,5.7036210069048865,2.6811175404898497,8.384738547394736,2.1273297126178266,0.9993414963024895,123.647011539496,1193.6155630488176,3.3233355141854725e-05,9.20231449819777e-06,0.7626886145404662,0.9997323306191755
0.0,0.0,0.0,0.0,0.0,0.0,0.0,0.0,0.0,0.0,0.0,0.0,0.0,0.0,0.0
3.1835070879303204,0.19907978370878598,1000.0,0.19781979248496245,6.0844281429662095,2.3003104044285267,8.384738547394736,2.6450465690423997,0.9991976958045539,118.08759408912684,1303.4638958638525,2.7239725479679018e-05,8.205001028677953e-06,0.7722908093278462,0.9998342271766215
3.649629427532544,0.24999543279596625,1000.0,0.19781979248496245,4.210288313402572,4.174450233992164,8.384738547394736,1.0085851016065737,0.999143090357162,132.97221512968704,1039.483815702805,5.119240679178985e-05,1.1033492783805592e-05,0.7352537722908092,0.9995481440562409
3.649649927176395,0.24999777313719523,1000.0,0.19781979248496245,4.204881547969452,4.179856999425285,8.384738547394736,1.00598693891863,0.9991430224223042,132.97286792227786,1039.4741532503404,5.1218985962797094e-05,1.1033671201394763e-05,0.7352537722908092,0.9995481594698352
0.0,0.0,0.0,0.0,0.0,0.0,0.0,0.0,0.0,0.0,0.0,0.0,0.0,0.0,0.0
0.0,0.0,0.0,0.0,0.0,0.0,0.0,0.0,0.0,0.0,0.0,0.0,0.0,0.0,0.0
0.0,0.0,0.0,0.0,0.0,0.0,0.0,0.0,0.0,0.0,0.0,0.0,0.0,0.0,0.0
3.5994505182307877,0.2442930646739183,1000.0,0.19781979248496245,4.825788148499243,3.5589503988954925,8.384738547394736,1.3559582482512005,0.9992726088572202,131.37397322503347,1063.5766971135959,4.6825880347083656e-05,1.0705202044911256e-05,0.7416552354823959,0.9995664702321861
3.5094891125438057,0.23420201326789133,1000.0,0.19781979248496245,5.246247416351589,3.138491131043148,8.384738547394736,1.671582680116697,0.9993721406738464,128.50669809518882,1109.0872574314242,4.062805105295301e-05,1.0131381937442944e-05,0.7517146776406035,0.9996268352862082
3.205740205247331,0.20140241090749905,1000.0,0.19781979248496245,6.040773221064023,2.3439653263307134,8.384738547394736,2.577159804031897,0.9992180524256689,118.80005758093252,1288.5163862624186,2.7921403988135675e-05,8.328982421099106e-06,0.7709190672153634,0.9998217538003955
3.5943103244213495,0.2437119038101493,1000.0,0.19781979248496245,4.857258220538326,3.52748032685641,8.384738547394736,1.376976700212238,0.9992822509607734,131.2102132286361,1066.0954497161642,4.640541721597207e-05,1.067187221801044e-05,0.7434842249657064,0.9995775911923448
0.0,0.0,0.0,0.0,0.0,0.0,0.0,0.0,0.0,0.0,0.0,0.0,0.0,0.0,0.0
3.628284526904885,0.24756335112803296,1000.0,0.19781979248496245,4.6062602903541405,3.778478257040596,8.384738547394736,1.2190781518382707,0.9992067385875738,132.2924461901039,1049.6237760795964,4.9241938560759925e-05,1.089313025739592e-05,0.737997256515775,0.999553652392074
0.0,0.0,0.0,0.0,0.0,0.0,0.0,0.0,0.0,0.0,0.0,0.0,0.0,0.0,0.0
0.0,0.0,0.0,0.0,0.0,0.0,0.0,0.0,0.0,0.0,0.0,0.0,0.0,0.0,0.0
3.5498165014024887,0.23870451385548228,1000.0,0.19781979248496245,5.083501169864477,3.30123737753026,8.384738547394738,1.5398775030432905,0.9993437867902994,129.79235550325959,1088.30559305549,4.316980998983087e-05,1.0386302414413197e-05,0.747599451303155,0.9995981098200837
0.0,0.0,0.0,0.0,0.0,0.0,0.0,0.0,0.0,0.0,0.0,0.0,0.0,0.0,0.0
0.0,0.0,0.0,0.0,0.0,0.0,0.0,0.0,0.0,0.0,0.0,0.0,0.0,0.0,0.0
3.33581310039594,0.2152056363354149,1000.0,0.19781979248496245,5.75639529447137,2.628343252923366,8.384738547394736,2.1901231081856753,0.9993269715528601,122.96233923374271,1206.3408125431038,3.238740110870288e-05,9.075768606097837e-06,0.7640603566529491,0.9997467777439323
3.639945114141539,0.24889080371688208,1000.0,0.19781979248496245,4.471619624781435,3.913118922613301,8.384738547394736,1.1427252054468997,0.999173741220714,132.66381473008013,1044.064728320602,5.0282962728109436e-05,1.0969668562364939e-05,0.7366255144032922,0.999551046853611
3.394880515126937,0.22159414492227855,1000.0,0.19781979248496245,5.605536179933939,2.7792023674607975,8.384738547394736,2.0169586229359053,0.9993627304319309,124.84949046373427,1171.7733811582582,3.482082764485041e-05,9.42713960055512e-06,0.7613168724279834,0.999712572854021
3.2717065920405117,0.20835697332384492,1000.0,0.19781979248496245,5.903411267839463,2.481327279555273,8.384738547394736,2.379134472296427,0.9992764338797344,120.91216322842335,1245.7524309404157,3.004178531428934e-05,8.703100569057591e-06,0.7681755829903977,0.9997883963199312
0.0,0.0,0.0,0.0,0.0,0.0,0.0,0.0,0.0,0.0,0.0,0.0,0.0,0.0,0.0
3.6445178511280703,0.24941214340373158,1000.0,0.19781979248496245,4.395663583469504,3.9890749639252325,8.384738547394736,1.1019255399362538,0.9991596335505812,132.80943821533324,1041.8976688321723,5.0734618830339056e-05,1.099976911369366e-05,0.7366255144032922,0.9995541947622512
0.0,0.0,0.0,0.0,0.0,0.0,0.0,0.0,0.0,0.0,0.0,0.0,0.0,0.0,0.0
3.1740763866996837,0.1980978438800005,1000.0,0.19781979248496245,6.102584158439511,2.282154388955225,8.384738547394736,2.674045274050581,0.9991890292129818,117.7852891126905,1309.8886907205385,2.6950853070570134e-05,8.152747185224085e-06,0.7722908093278462,0.9998371984062493
0.0,0.0,0.0,0.0,0.0,0.0,0.0,0.0,0.0,0.0,0.0,0.0,0.0,0.0,0.0
3.586688923403429,0.24285123196977654,1000.0,0.19781979248496245,4.9013021671553565,3.48343638023938,8.384738547394736,1.4070307685132866,0.9992955145191054,130.9673905683346,1069.8477505261656,4.579153634927852e-05,1.0622663752861714e-05,0.7434842249657064,0.999575400728475
3.6272868182457008,0.2474499029052967,1000.0,0.19781979248496245,4.61578587637889,3.7689526710158474,8.384738547394738,1.224686611714547,0.9992093803016681,132.26066927064056,1050.1016361264496,4.905767364475432e-05,1.0886657512592904e-05,0.7393689986282579,0.999562823834783
3.5960568028924538,0.24390930214725925,1000.0,0.19781979248496245,4.846738779727808,3.537999767666928,8.384738547394736,1.3699092984745742,0.9992790396454048,131.26585467886713,1065.238578734383,4.6502253471657695e-05,1.06832081606784e-05,0.7434842249657064,0.999578141788493
0.0,0.0,0.0,0.0,0.0,0.0,0.0,0.0,0.0,0.0,0.0,0.0,0.0,0.0,0.0
3.6005735301858173,0.24442010839959183,1000.0,0.19781979248496245,4.818698108358489,3.566040439036247,8.384738547394736,1.3512741066000875,0.9992704237792116,131.40974990694292,1063.0276847229823,4.689106268793326e-05,1.0712431222815731e-05,0.7416552354823959,0.999566865932645
3.647828112575432,0.24978981994755148,1000.0,0.19781979248496245,4.313927757092559,4.0708107903021755,8.384738547394734,1.0597220011722375,0.9991490097774596,132.91485346324075,1040.333426166917,5.1039284782522824e-05,1.1021526523671573e-05,0.7352537722908092,0.9995468005698973
3.4280794436380604,0.22521756299014467,1000.0,0.19781979248496245,5.512331583365553,2.872406964029184,8.384738547394736,1.9190635771308997,0.9993755237775848,125.90944889305226,1153.0391019702004,3.6321432118016845e-05,9.628101232136755e-06,0.7585733882030177,0.9996868007041771
3.2805296658028866,0.2092943031949185,1000.0,0.19781979248496245,5.884045015663971,2.5006935317307635,8.384738547394734,2.3529652638368463,0.9992838795474615,121.19446568510445,1240.2060789933234,3.0361146437584108e-05,8.75385574658584e-06,0.7666514250876388,0.9997783420512744
0.0,0.0,0.0,0.0,0.0,0.0,0.0,0.0,0.0,0.0,0.0,0.0,0.0,0.0,0.0
3.603433035329745,0.24474371682756446,1000.0,0.19781979248496245,4.800264736602522,3.5844738107922143,8.384738547394736,1.339182538354661,0.9992647283258335,131.50084575518457,1061.6318039937632,4.713204604936199e-05,1.0730992323007621e-05,0.7411979881115683,0.9995646885129358
3.612867253049819,0.24581259565826474,1000.0,0.19781979248496245,4.734947016499782,3.6497915308949542,8.384738547394736,1.2973198541393787,0.9992445605965948,131.801376739094,1057.0473281267746,4.7775347931959674e-05,1.0792501546775717e-05,0.7407407407407407,0.9995653289415952
3.4965605668801207,0.23276582523112077,1000.0,0.19781979248496245,5.293109331222833,3.091629216171903,8.384738547394736,1.7120776655671641,0.9993769040082511,128.09440616460017,1115.885232430822,3.9882614444558474e-05,1.0050455033187393e-05,0.7530864197530863,0.9996373834349188
3.5524623727418603,0.23900111995511195,1000.0,0.19781979248496245,5.071723302768864,3.313015244625873,8.384738547394736,1.5308481634655429,0.9993410975343551,129.8766876762127,1086.9640733050014,4.3402767199572645e-05,1.0403065884841377e-05,0.747599451303155,0.999598280164378
3.354107651353166,0.2171763120295542,1000.0,0.19781979248496245,5.711458251987998,2.6732802954067396,8.384738547394738,2.1364980925499992,0.99933947856687,123.54701656396982,1195.460814541534,3.312237261565609e-05,9.183768943327872e-06,0.7626886145404662,0.9997333755538427
3.6306142012361993,0.2478283365092902,1000.0,0.19781979248496245,4.583107400437352,3.801631146957385,8.384738547394736,1.2055634077244493,0.9992004622372638,132.3666450226648,1048.5093243923425,4.9457375552782e-05,1.090839969859456e-05,0.737997256515775,0.9995549958628605
3.2853534320876703,0.20980747315288661,1000.0,0.19781979248496245,5.873347856868399,2.511390690526337,8.384738547394736,2.338683454957565,0.9992878700954498,121.34878803379632,1237.1905520482917,3.0472435334814315e-05,8.781712951990349e-06,0.7666514250876388,0.9997767236635187
3.236597766817487,0.20464383942857078,1000.0,0.19781979248496245,5.9780658545521845,2.4066726928425517,8.384738547394736,2.4839546616916217,0.9992458623429991,119.78837777437926,1268.2230229628208,2.8886369124866138e-05,8.502794108900305e-06,0.7695473251028805,0.9998060290856753
3.5796042362781155,0.2420522629906189,1000.0,0.19781979248496245,4.939869397515676,3.44486914987906,8.384738547394736,1.4339788196858223,0.9993067257241511,130.74165207188892,1073.3549272618122,4.529661759971167e-05,1.0576968417036288e-05,0.7448559670781892,0.9995832531892882
3.6393591682065756,0.2488240313139331,1000.0,0.19781979248496245,4.479902080430524,3.9048364669642126,8.384738547394736,1.1472700888581364,0.9991754992181231,132.6451542841131,1044.3429380769942,5.026826308072036e-05,1.0965792975716751e-05,0.7366255144032922,0.9995506566410226
3.2304295190633745,0.2039942417447691,1000.0,0.19781979248496245,5.990807899515066,2.3939306478796705,8.384738547394736,2.5024985184183124,0.9992403741955491,119.59086504228726,1272.2382369267905,2.869309557594732e-05,8.467859510034637e-06,0.7695473251028805,0.9998080401568276
3.520651408144927,0.23544483553849413,1000.0,0.19781979248496245,5.203944263933807,3.180794283460929,8.384738547394736,1.6360518160487725,0.9993664951347496,128.86261498503146,1103.2714877300714,4.131124834383994e-05,1.0201515319401521e-05,0.7503429355281206,0.9996167933867739
3.647807915991109,0.24978751497241944,1000.0,0.19781979248496245,4.314592485442918,4.07014606195182,8.384738547394738,1.0600583909693586,0.9991490755966522,132.91421031180897,1040.3429584560224,5.105237301438137e-05,1.1021451416017703e-05,0.7352537722908092,0.9995467856244675
0.0,0.0,0.0,0.0,0.0,0.0,0.0,0.0,0.0,0.0,0.0,0.0,0.0,0.0,0.0
3.3406156659708635,0.2157222695445466,1000.0,0.19781979248496245,5.7447403939267225,2.6399981534680133,8.384738547394736,2.1760395500202105,0.999330370561404,123.11584128044441,1203.469281509773,3.258742760634296e-05,9.103999186495982e-06,0.7640603566529491,0.9997451557675381
3.1618998578705853,0.19683287838387276,1000.0,0.19781979248496245,6.125722019157578,2.259016528237156,8.384738547394734,2.7116764939908786,0.9991777655478897,117.39487841854856,1318.2597936114396,2.6604183663002184e-05,8.085578851490049e-06,0.7722908093278462,0.9998410606575063
0.0,0.0,0.0,0.0,0.0,0.0,0.0,0.0,0.0,0.0,0.0,0.0,0.0,0.0,0.0
3.642635451862957,0.2491974774229104,1000.0,0.19781979248496245,4.429899101853561,3.9548394455411757,8.384738547394736,1.1201210979242113,0.9991655231144173,132.74949195145797,1042.7888755753618,5.0563467454960316e-05,1.0987404833238237e-05,0.7366255144032922,0.9995528778919083
0.0,0.0,0.0,0.0,0.0,0.0,0.0,0.0,0.0,0.0,0.0,0.0,0.0,0.0,0.0
3.6448063394981873,0.24944504871712297,1000.0,0.19781979248496245,4.389891947031822,3.9948466003629157,8.384738547394738,1.0988887399663902,0.9991587210573195,132.8186252385373,1041.761194803875,5.0721289893465994e-05,1.1001656181071417e-05,0.7366255144032922,0.9995543989788086
3.08193484456623,0.18860645259154163,1000.0,0.19781979248496245,6.269916424843368,2.1148221225513684,8.384738547394736,2.964748835367393,0.9991031372472882,114.82843637025903,1375.439086742539,2.4473956188292723e-05,7.65218421830563e-06,0.7764060356652949,0.9998794693377008
3.1698927251527094,0.1976628563699383,1000.0,0.19781979248496245,6.11057213012859,2.2741664172661467,8.384738547394736,2.68695029692432,0.9991851782966018,117.65116135221922,1312.7551998487982,2.6850844853723604e-05,8.129611000596356e-06,0.7722908093278462,0.9998385189540423
3.648666193149636,0.24988547505198197,1000.0,0.19781979248496245,4.282099668100077,4.102638879294659,8.384738547394736,1.0437427699793729,0.999146267883631,132.94154168112135,1039.9379968897533,5.108941765594394e-05,1.1027122029105495e-05,0.7352537722908092,0.9995474230110171
0.0,0.0,0.0,0.0,0.0,0.0,0.0,0.0,0.0,0.0,0.0,0.0,0.0,0.0,0.0
3.4211352175615306,0.22445770827273387,1000.0,0.19781979248496245,5.532414498235254,2.8523240491594803,8.384738547394734,1.9396163980265635,0.9993734114468048,125.68777768482602,1156.9176817248665,3.5993244877372265e-05,9.58589944410672e-06,0.7585733882030177,0.9996887797259112
3.6116623554225176,0.2456759792878041,1000.0,0.19781979248496245,4.743726927588408,3.6410116198063283,8.384738547394736,1.302859595883612,0.9992472568705103,131.76299564334113,1057.6310591359772,4.778056240451985e-05,1.0784571150971626e-05,0.7407407407407407,0.9995648001827996
3.641362716614061,0.24905237850693535,1000.0,0.19781979248496245,4.450480548752389,3.934257998642347,8.384738547394736,1.131212175278841,0.9991694406225224,132.70896031896038,1043.3921380713418,5.044440410219503e-05,1.0978978685076095e-05,0.7366255144032922,0.9995520038106629
3.5656850051609537,0.24048560353244688,1000.0,0.19781979248496245,5.010231494237189,3.37450705315755,8.384738547394738,1.4847298924887653,0.9993260025861347,130.29809972022613,1080.2996304471692,4.4267637242079595e-05,1.0487631225698887e-05,0.746227709190672,0.9995902453015394
3.6496647666252793,0.24999946728790273,1000.0,0.19781979248496245,4.198489053621767,4.186249493772969,8.384738547394736,1.002923753079458,0.9991429732368783,132.9733404710192,1039.4671588059862,5.120625553984757e-05,1.1033739457918411e-05,0.7352537722908092,0.9995481706293677
3.469875522857199,0.22981266052168778,1000.0,0.19781979248496245,5.383691016539111,3.0010475308556237,8.384738547394734,1.7939372706316903,0.9993811639857749,127.24321802836123,1130.13057241731,3.840862501520038e-05,9.884599992027377e-06,0.755829903978052,0.9996596254261026
3.5966462214689745,0.24397593648967186,1000.0,0.19781979248496245,4.843149421090618,3.541589126304119,8.384738547394736,1.3675074234669233,0.9992779410110549,131.28463289259594,1064.9496439714103,4.65817206551565e-05,1.068701536514821e-05,0.7421124828532235,0.999568740236459
0.0,0.0,0.0,0.0,0.0,0.0,0.0,0.0,0.0,0.0,0.0,0.0,0.0,0.0,0.0
0.0,0.0,0.0,0.0,0.0,0.0,0.0,0.0,0.0,0.0,0.0,0.0,0.0,0.0,0.0
0.0,0.0,0.0,0.0,0.0,0.0,0.0,0.0,0.0,0.0,0.0,0.0,0.0,0.0,0.0
0.0,0.0,0.0,0.0,0.0,0.0,0.0,0.0,0.0,0.0,0.0,0.0,0.0,0.0,0.0
3.6211616317090867,0.24675387141553035,1000.0,0.19781979248496245,4.670088130632655,3.714650416762081,8.384738547394736,1.2572079756305554,0.9992249983675466,132.06557669361993,1053.0430377872249,4.862436111198817e-05,1.0846496815280546e-05,0.7393689986282579,0.9995595736997791
0.0,0.0,0.0,0.0,0.0,0.0,0.0,0.0,0.0,0.0,0.0,0.0,0.0,0.0,0.0
3.4661072053772464,0.2293968465993832,1000.0,0.19781979248496245,5.3958977572166695,2.9888407901780685,8.384738547394738,1.8053480048012842,0.9993812243100606,127.12299536777347,1132.1658146850323,3.8209182397523395e-05,9.861259590663773e-06,0.755829903978052,0.9996604435825706
0.0,0.0,0.0,0.0,0.0,0.0,0.0,0.0,0.0,0.0,0.0,0.0,0.0,0.0,0.0
3.4545105513419103,0.2281191077239717,1000.0,0.19781979248496245,5.432655837661632,2.952082709733104,8.384738547394736,1.8402790070041075,0.9993807072338828,126.75298514224224,1138.4662646142497,3.754721326925794e-05,9.789941046693945e-06,0.7572016460905349,0.9996715598982543
3.6159611487131103,0.24616353372718483,1000.0,0.19781979248496245,4.711713391752979,3.6730251556417572,8.384738547394736,1.2827882173678553,0.9992374704768932,131.8999285357539,1055.5508187019918,4.803863608167369e-05,1.081265394943803e-05,0.7407407407407407,0.99956673246754
0.0,0.0,0.0,0.0,0.0,0.0,0.0,0.0,0.0,0.0,0.0,0.0,0.0,0.0,0.0
3.18668901257906,0.19941152889695327,1000.0,0.19781979248496245,6.078254690147854,2.3064838572468824,8.384738547394736,2.635290366785015,0.9992006283613077,118.18957885498101,1301.3075994947726,2.7348334983701784e-05,8.222652609082861e-06,0.7722908093278462,0.999833221954858
3.6297500687067497,0.24773003379597686,1000.0,0.19781979248496245,4.591853118134878,3.792885429259858,8.384738547394736,1.210649043789053,0.9992028079626959,132.3391230544129,1048.92247892155,4.935416116653459e-05,1.0902718571500886e-05,0.737997256515775,0.9995544929730829
3.5472312027194333,0.23841484036669314,1000.0,0.19781979248496245,5.0948554038521,3.2898831435426374,8.384738547394738,1.5486432744130294,0.9993463143089983,129.70995171366866,1089.618979179892,4.3007695990287555e-05,1.0369788123554657e-05,0.747599451303155,0.9995979718734264
3.6360681248121502,0.24844912839686348,1000.0,0.19781979248496245,4.5225695611526575,3.862168986242079,8.384738547394736,1.1709921490393287,0.9991851661189889,132.54034370816177,1045.9077623209919,4.994075014886235e-05,1.0944197251176598e-05,0.737997256515775,0.9995582949924289
3.5690387418472445,0.2408627064944516,1000.0,0.19781979248496245,4.9938596512381,3.390878896156634,8.384738547394734,1.4727331185134191,0.9993216662916441,130.40497601945822,1078.6197488457065,4.450505513200554e-05,1.0509137617192651e-05,0.746227709190672,0.9995907479471464
0.0,0.0,0.0,0.0,0.0,0.0,0.0,0.0,0.0,0.0,0.0,0.0,0.0,0.0,0.0
3.6141710819909343,0.2459604634995802,1000.0,0.19781979248496245,4.7252810204739175,3.6594575269208187,8.384738547394736,1.2912517731692095,0.9992416021218369,131.84290875039585,1056.4162528991844,4.7973684077397684e-05,1.0800896829964096e-05,0.7407407407407407,0.999565912357562
3.6280406263812517,0.24753561557902376,1000.0,0.19781979248496245,4.608609215657683,3.7761293317370552,8.384738547394738,1.2204585200310603,0.9992073869339391,132.28467800835705,1049.7405617022246,4.920779466087124e-05,1.0891527975784332e-05,0.737997256515775,0.9995535140106382
0.0,0.0,0.0,0.0,0.0,0.0,0.0,0.0,0.0,0.0,0.0,0.0,0.0,0.0,0.0
3.3684061735586903,0.21872153715646223,1000.0,0.19781979248496245,5.675270505436258,2.70946804195848,8.384738547394738,2.0946069182399407,0.9993484191695626,124.00386845774996,1187.0668458085872,3.3628649507769654e-05,9.26869946832417e-06,0.7626886145404662,0.9997286403911282
0.0,0.0,0.0,0.0,0.0,0.0,0.0,0.0,0.0,0.0,0.0,0.0,0.0,0.0,0.0
0.0,0.0,0.0,0.0,0.0,0.0,0.0,0.0,0.0,0.0,0.0,0.0,0.0,0.0,0.0
0.0,0.0,0.0,0.0,0.0,0.0,0.0,0.0,0.0,0.0,0.0,0.0,0.0,0.0,0.0
3.5205513635903487,0.23543368478453255,1000.0,0.19781979248496245,5.204331675024569,3.180406872370169,8.384738547394738,1.6363729182694442,0.9993665525083001,128.85942519992602,1103.3233945436548,4.133289917700032e-05,1.0200877225313577e-05,0.7503429355281206,0.9996168004224654
3.644916647859497,0.2494576310738529,1000.0,0.19781979248496245,4.387639902519091,3.997098644875645,8.384738547394736,1.0977061844956282,0.9991583714646325,132.8221380450253,1041.7090192855985,5.076872757918432e-05,1.10023721789783e-05,0.7366255144032922,0.9995544772263675
3.4888509555449057,0.23191107346549428,1000.0,0.19781979248496245,5.320075355105926,3.0646631922888115,8.384738547394738,1.7359412833658514,0.9993788740637278,127.84851647744098,1119.97103630669,3.945855096206647e-05,1.0002349178661156e-05,0.7530864197530863,0.999638597882854
3.458816348298496,0.22859319446911314,1000.0,0.19781979248496245,5.419145798510597,2.9655927488841396,8.384738547394736,1.8273398464943147,0.9993810229948623,126.89037501913128,1136.12035402838,3.7750242791143983e-05,9.816453254978786e-06,0.755829903978052,0.9996621018959055
3.581322383805853,0.24224592873542206,1000.0,0.19781979248496245,4.930705910654963,3.454032636739774,8.384738547394736,1.4275215173730973,0.9993041037625024,130.79639861163267,1072.5026823841858,4.540564431689014e-05,1.05880821041338e-05,0.7448559670781892,0.9995836285754307
3.6476241729478063,0.2497665453249789,1000.0,0.19781979248496245,4.3204815691204415,4.0642569782742966,8.384738547394738,1.0630434030662448,0.9991496738472753,132.9083590897682,1040.4296871006618,5.101412559189392e-05,1.1020237457904838e-05,0.7366255144032922,0.9995564243619518
3.6385231556161948,0.24872877457386755,1000.0,0.19781979248496245,4.491320824301714,3.8934177230930227,8.384738547394736,1.1535676733740512,0.9991779878490298,132.6185298821178,1044.74008746136,5.014798415311334e-05,1.0960288135321419e-05,0.7366255144032922,0.9995501052559924
3.6028564768945186,0.24467845428165672,1000.0,0.19781979248496245,4.8040269405661205,3.5807116068286153,8.384738547394736,1.341640284965864,0.9992658920123676,131.48247840642685,1061.9130158909138,4.707134618649319e-05,1.0727268603134695e-05,0.7413504039018441,0.999565548321273
0.0,0.0,0.0,0.0,0.0,0.0,0.0,0.0,0.0,0.0,0.0,0.0,0.0,0.0,0.0
0.0,0.0,0.0,0.0,0.0,0.0,0.0,0.0,0.0,0.0,0.0,0.0,0.0,0.0,0.0
0.0,0.0,0.0,0.0,0.0,0.0,0.0,0.0,0.0,0.0,0.0,0.0,0.0,0.0,0.0
3.1697829755209255,0.19765145052899258,1000.0,0.19781979248496245,6.110781135848875,2.273957411545863,8.384738547394738,2.687289174732034,0.9991850770018542,117.647642633863,1312.8305325628903,2.683431829809767e-05,8.129024787124765e-06,0.7722908093278462,0.9998385536884232
3.529994039439821,0.2364870761134982,1000.0,0.19781979248496245,5.167054066702587,3.21768448069215,8.384738547394736,1.6058299369337519,0.9993605045177975,129.1604764988184,1098.441464182397,4.1907688949420615e-05,1.0260485217207923e-05,0.7503429355281206,0.9996163395497489
0.0,0.0,0.0,0.0,0.0,0.0,0.0,0.0,0.0,0.0,0.0,0.0,0.0,0.0,0.0
3.067746335896706,0.18716150772691095,1000.0,0.19781979248496245,6.294222584121517,2.090515963273221,8.384738547394738,3.0108464583386154,0.9990897129712858,114.37257540827241,1386.0014322052073,2.412594916200567e-05,7.5767250703322405e-06,0.7764060356652949,0.999883727149622
0.0,0.0,0.0,0.0,0.0,0.0,0.0,0.0,0.0,0.0,0.0,0.0,0.0,0.0,0.0
0.0,0.0,0.0,0.0,0.0,0.0,0.0,0.0,0.0,0.0,0.0,0.0,0.0,0.0,0.0
0.0,0.0,0.0,0.0,0.0,0.0,0.0,0.0,0.0,0.0,0.0,0.0,0.0,0.0,0.0
3.6079862237576594,0.24525935175190733,1000.0,0.19781979248496245,4.769678357585044,3.61506018980969,8.384738547394734,1.3193911324160104,0.9992552627350143,131.64589269978586,1059.4152305521845,4.751628514814809e-05,1.0760578770449164e-05,0.7407407407407407,0.9995632482037876
3.6385182472926423,0.24872821535395812,1000.0,0.19781979248496245,4.491386572387703,3.8933519750070347,8.384738547394738,1.1536040412528044,0.9991780023925573,132.6183735667237,1044.7424198884519,5.015359709619285e-05,1.096024774173033e-05,0.7366255144032922,0.9995501020371204
3.1458300795905605,0.1951684259632351,1000.0,0.19781979248496245,6.155751619521147,2.228986927873591,8.384738547394738,2.761681346150204,0.9991628392309196,116.87948719860485,1329.4398938309262,2.616932997289795e-05,7.997385843631834e-06,0.7736625514403291,0.9998510625241438
3.4932341280199273,0.23239687422477168,1000.0,0.19781979248496245,5.304829316551429,3.079909230843308,8.384738547394738,1.72239794063636,0.9993778301796337,127.98831577143243,1117.6451705115703,3.96955518004291e-05,1.0029680704069593e-05,0.7530864197530863,0.9996378860106134
3.591943363065285,0.24344447651015094,1000.0,0.19781979248496245,4.871249585591808,3.5134889618029286,8.384738547394736,1.3864422625344328,0.999286500489978,131.13480221770445,1067.258520503478,4.625918553289492e-05,1.0656574168231664e-05,0.7434842249657064,0.9995768736221031
0.0,0.0,0.0,0.0,0.0,0.0,0.0,0.0,0.0,0.0,0.0,0.0,0.0,0.0,0.0
3.2851635570706743,0.2097872640486031,1000.0,0.19781979248496245,5.873770408086201,2.5109681393085372,8.384738547394738,2.3392452959214776,0.999287713254393,121.34271378186182,1237.3090272129023,3.0501402514145358e-05,8.780577752658699e-06,0.766499009297363,0.9997760619612633
0.0,0.0,0.0,0.0,0.0,0.0,0.0,0.0,0.0,0.0,0.0,0.0,0.0,0.0,0.0
0.0,0.0,0.0,0.0,0.0,0.0,0.0,0.0,0.0,0.0,0.0,0.0,0.0,0.0,0.0
3.425953852350604,0.2249848663511647,1000.0,0.19781979248496245,5.518514049480994,2.8662244979137417,8.384738547394736,1.9253600175065815,0.9993749036770357,125.84159872537698,1154.2240886421096,3.6237783250318335e-05,9.615197980430026e-06,0.008230452674897118,0.9996995365922853
3.6161702681405563,0.24618726119892445,1000.0,0.19781979248496245,4.710104901764547,3.6746336456301893,8.384738547394736,1.2817889770768638,0.9992369824911655,131.90658965000432,1055.449791348736,4.8201805016824734e-05,1.0813889913015655e-05,0.7407407407407407,0.9995668297227646
3.6174880223043355,0.24633679955443702,1000.0,0.19781979248496245,4.699850366817404,3.684888180577332,8.384738547394736,1.2754390734540693,0.9992338816575661,131.94856399821907,1054.813531489869,4.826630698966122e-05,1.0822540235395765e-05,0.7407407407407407,0.9995674495687631
0.0,0.0,0.0,0.0,0.0,0.0,0.0,0.0,0.0,0.0,0.0,0.0,0.0,0.0,0.0
0.0,0.0,0.0,0.0,0.0,0.0,0.0,0.0,0.0,0.0,0.0,0.0,0.0,0.0,0.0
3.3918329755502725,0.22126270722313893,1000.0,0.19781979248496245,5.613756641032869,2.7709819063618673,8.384738547394736,2.025908804436545,0.9993612460427982,124.75216518281863,1173.5176549959058,3.4645971562278686e-05,9.408902273527928e-06,0.7613168724279834,0.9997135287949458
3.6266170085651015,0.24737375134147604,1000.0,0.19781979248496245,4.622061450521263,3.762677096873476,8.38473854739474,1.2283970512276687,0.9992111383377338,132.23933574730006,1050.42264319729,4.9114844866886146e-05,1.0882144135480119e-05,0.016460905349794237,0.9988529245685149
3.5168565325804506,0.23502201473757794,1000.0,0.19781979248496245,5.218531973771288,3.1662065736234477,8.384738547394736,1.648196936120669,0.9993685758535618,128.74161800936298,1105.243168298028,4.106336356234303e-05,1.0177636131068813e-05,0.7517146776406035,0.9996261380644318
